time,weight,height,bmi,fatRate,bodyWaterRate,boneMass,metabolism,muscleRate,visceralFat
2021-07-23 10:48:30+0000,65.0,175.0,21.2,15.479193,57.981274,2.7948241,1522.0,52.1437,5.0
2021-07-24 12:14:57+0000,64.75,175.0,21.1,15.402432,58.03393,2.7864888,1519.0,51.990437,5.0
2021-07-27 11:03:56+0000,65.7,175.0,21.4,15.65582,57.860107,2.8193555,1533.0,52.59477,6.0
2021-07-28 10:59:55+0000,65.9,175.0,21.5,15.876595,57.708656,2.8205523,1536.0,52.61677,6.0
2021-07-29 11:21:25+0000,65.55,175.0,21.4,15.94062,57.664734,2.8032007,1531.0,52.297726,6.0
2021-07-31 11:38:44+0000,65.4,175.0,21.3,15.644459,57.8679,2.8066876,1528.0,52.36184,6.0
2021-08-03 11:11:14+0000,66.2,175.0,21.6,16.236063,57.462063,2.821295,1540.0,52.63043,6.0
2021-08-04 10:46:38+0000,65.65,175.0,21.4,15.937054,57.667183,2.8076572,1532.0,52.37967,6.0
2021-08-05 11:32:03+0000,65.8,175.0,21.4,16.138414,57.52905,2.8073273,1534.0,52.3736,6.0
2021-08-06 10:24:41+0000,65.8,175.0,21.4,16.076408,57.571583,2.8094318,1534.0,52.412292,6.0
2021-08-09 11:11:37+0000,66.0,175.0,21.5,15.955568,57.65448,2.822203,1537.0,52.64712,6.0
2021-08-10 10:51:01+0000,66.4,175.0,21.6,16.320295,57.404278,2.8270514,1543.0,52.736275,6.0
2021-08-11 10:55:23+0000,66.0,175.0,21.5,16.26466,57.442444,2.8116806,1537.0,52.453644,6.0
2021-08-12 10:58:11+0000,65.85,175.0,21.5,15.919627,57.679134,2.816921,1535.0,52.550003,6.0
2021-08-13 09:26:33+0000,66.2,175.0,21.6,16.1128,57.54662,2.8255038,1540.0,52.70782,6.0
2021-08-14 11:19:41+0000,65.7,175.0,21.4,15.976672,57.640003,2.8084824,1533.0,52.39484,6.0
2021-08-15 12:03:47+0000,65.1,175.0,21.2,15.37185,58.054913,2.802788,1524.0,52.29014,5.0
2021-08-16 10:40:11+0000,65.3,175.0,21.3,15.439321,58.008625,2.809246,1527.0,52.40888,6.0
2021-08-17 10:32:23+0000,65.7,175.0,21.4,15.790371,57.767807,2.814796,1533.0,52.51093,6.0
2021-08-18 10:29:47+0000,65.95,175.0,21.5,15.947041,57.66033,2.8203254,1536.0,52.6126,6.0
2021-08-19 10:38:45+0000,66.05,175.0,21.5,16.149397,57.521515,2.817767,1538.0,52.56556,6.0
2021-08-20 10:49:53+0000,65.85,175.0,21.5,15.919627,57.679134,2.816921,1535.0,52.550003,6.0
2021-08-23 10:37:09+0000,66.2,175.0,21.6,16.17443,57.50434,2.8233995,1540.0,52.669125,6.0
2021-08-24 10:34:45+0000,65.65,175.0,21.4,15.874906,57.709816,2.8097618,1532.0,52.418365,6.0
2021-08-25 10:41:16+0000,66.0,175.0,21.5,16.13072,57.534325,2.8162403,1537.0,52.537483,6.0
2021-08-26 12:04:46+0000,65.85,175.0,21.5,16.29138,57.424114,2.8042943,1535.0,52.31783,6.0
2021-08-27 10:31:18+0000,66.05,175.0,21.5,16.334711,57.39439,2.8114536,1538.0,52.44947,6.0
2021-08-30 10:21:02+0000,65.45,175.0,21.3,15.98575,57.633774,2.7973413,1529.0,52.189983,6.0
2021-08-31 10:28:25+0000,65.3,175.0,21.3,15.814206,57.751453,2.7966192,1527.0,52.17671,6.0
2021-09-01 10:56:11+0000,65.5,175.0,21.3,15.994313,57.627903,2.799219,1530.0,52.224506,6.0
2021-09-02 10:41:04+0000,66.2,175.0,21.6,16.297693,57.41978,2.8191905,1540.0,52.591732,6.0
2021-09-03 10:30:34+0000,65.7,175.0,21.4,15.75932,57.789104,2.815848,1533.0,52.530277,6.0
2021-09-06 10:34:26+0000,66.85,175.0,21.8,16.658,57.17261,2.8348296,1550.0,52.879295,6.0
2021-09-07 11:00:22+0000,66.6,175.0,21.7,16.516327,57.2698,2.8289495,1546.0,52.771175,6.0
2021-09-08 10:29:12+0000,65.8,175.0,21.4,15.993733,57.6283,2.8122377,1534.0,52.46389,6.0
2021-09-09 10:40:24+0000,66.05,175.0,21.5,16.345007,57.387325,2.8111029,1538.0,52.443024,6.0
2021-09-10 10:49:17+0000,66.05,175.0,21.5,16.29353,57.422638,2.8128567,1538.0,52.47527,6.0
2021-09-11 11:07:23+0000,66.3,175.0,21.6,16.703886,57.141132,2.8096173,1542.0,52.41571,6.0
2021-09-12 11:26:49+0000,65.7,175.0,21.4,16.049122,57.5903,2.8060274,1533.0,52.349697,6.0
2021-09-13 10:54:21+0000,66.45,175.0,21.6,16.43081,57.328465,2.8254213,1544.0,52.706303,6.0
2021-09-14 10:32:32+0000,66.65,175.0,21.7,16.463129,57.306293,2.8329315,1547.0,52.844395,6.0
2021-09-15 10:33:47+0000,66.35,175.0,21.6,16.394083,57.35366,2.822368,1542.0,52.650158,6.0
2021-09-16 11:14:57+0000,65.95,175.0,21.5,15.957352,57.653255,2.8199744,1536.0,52.606148,6.0
2021-09-17 10:31:32+0000,66.05,175.0,21.5,16.303825,57.415577,2.812506,1538.0,52.46882,6.0
2021-09-19 18:52:20+0000,86.1,183.0,25.7,null,null,null,null,null,null
2021-09-21 10:31:24+0000,66.05,175.0,21.5,16.159693,57.51445,2.8174162,1538.0,52.55911,6.0
2021-09-22 10:44:27+0000,66.5,175.0,21.7,16.520714,57.26679,2.824493,1545.0,52.68923,6.0
2021-09-23 11:29:26+0000,65.8,175.0,21.4,16.097076,57.557404,2.8087301,1534.0,52.399395,6.0
2021-09-24 10:30:56+0000,65.65,175.0,21.4,15.957769,57.65297,2.8069558,1532.0,52.366768,6.0
2021-09-27 10:30:56+0000,65.1,175.0,21.2,15.476304,57.983253,2.7992806,1524.0,52.225643,5.0
2021-09-28 10:33:05+0000,66.05,175.0,21.5,16.087626,57.56389,2.8198714,1538.0,52.604256,6.0
2021-09-29 10:58:47+0000,66.3,175.0,21.6,16.426964,57.331104,2.8190875,1542.0,52.58984,6.0
2021-09-30 10:51:07+0000,66.05,175.0,21.5,16.3553,57.380264,2.8107522,1538.0,52.436573,6.0
2021-10-01 11:54:55+0000,66.5,175.0,21.7,16.32643,57.40007,2.8311572,1545.0,52.811768,6.0
2021-10-04 10:48:57+0000,66.35,175.0,21.6,16.599056,57.213047,2.815353,1542.0,52.52117,6.0
2021-10-05 10:45:58+0000,66.35,175.0,21.6,16.465824,57.304443,2.8199127,1542.0,52.60501,6.0
2021-10-06 10:29:42+0000,66.25,175.0,21.6,16.429094,57.32964,2.8168592,1541.0,52.548866,6.0
2021-10-07 10:41:03+0000,65.95,175.0,21.5,16.18419,57.497646,2.8122582,1536.0,52.464268,6.0
2021-10-08 10:37:53+0000,65.75,175.0,21.4,16.150684,57.52063,2.804748,1534.0,52.326176,6.0
2021-10-09 11:17:38+0000,65.75,175.0,21.4,16.067947,57.57739,2.807554,1534.0,52.37777,6.0
2021-10-09 15:22:20+0000,64.25,175.0,20.9,null,null,null,null,null,null
2021-10-10 11:35:46+0000,64.95,175.0,21.2,15.595802,57.90128,2.7887378,1522.0,52.031788,5.0
2021-10-11 10:28:28+0000,65.05,175.0,21.2,15.498657,57.967922,2.796351,1523.0,52.171776,5.0
2021-10-12 14:00:27+0000,85.55,183.0,25.5,null,null,null,null,null,null
2021-10-13 10:47:21+0000,66.2,175.0,21.6,15.784099,57.77211,2.8367276,1540.0,52.914196,6.0
2021-10-14 10:26:20+0000,66.1,175.0,21.5,15.900566,57.69221,2.828413,1539.0,52.76131,6.0
2021-10-15 10:31:49+0000,65.4,175.0,21.3,15.696446,57.832237,2.8049338,1528.0,52.32959,6.0
2021-10-17 10:27:48+0000,65.75,175.0,21.4,16.078289,57.570293,2.8072033,1534.0,52.371323,6.0
2021-10-18 10:31:30+0000,65.75,175.0,21.4,15.985209,57.634148,2.8103602,1534.0,52.429363,6.0
2021-10-19 11:02:59+0000,66.3,175.0,21.6,16.15004,57.521072,2.8285575,1542.0,52.76397,6.0
2021-10-20 10:42:38+0000,66.05,175.0,21.5,16.211168,57.479137,2.8156626,1538.0,52.526863,6.0
2021-10-21 11:04:20+0000,65.8,175.0,21.4,16.076408,57.571583,2.8094318,1534.0,52.412292,6.0
2021-10-21 11:04:43+0000,65.8,175.0,21.4,16.076408,57.571583,2.8094318,1534.0,52.412292,6.0
2021-10-22 10:59:57+0000,65.35,175.0,21.3,15.802103,57.759758,2.7991982,1528.0,52.224125,6.0
2021-10-25 11:09:09+0000,65.35,175.0,21.3,15.843725,57.731205,2.797795,1528.0,52.19833,6.0
2021-10-25 11:09:14+0000,65.45,175.0,21.3,null,null,null,null,null,null
2021-10-26 11:29:20+0000,65.5,175.0,21.3,15.682862,57.841557,2.809741,1530.0,52.417984,6.0
2021-10-27 10:56:09+0000,65.3,175.0,21.3,15.428907,58.01577,2.8095968,1527.0,52.41533,6.0
2021-10-27 16:35:42+0000,66.85,175.0,21.8,null,null,null,null,null,null
2021-10-28 10:39:17+0000,65.85,175.0,21.5,16.043545,57.594128,2.8127122,1535.0,52.472614,6.0
2021-10-29 10:40:16+0000,66.2,175.0,21.6,16.16416,57.511387,2.8237503,1540.0,52.675575,6.0
2021-10-30 09:04:55+0000,64.7,175.0,21.1,15.0780115,58.256485,2.7951336,1518.0,52.14939,5.0
2021-10-31 10:21:45+0000,65.7,175.0,21.4,15.790371,57.767807,2.814796,1533.0,52.51093,6.0
2021-10-31 10:22:09+0000,65.7,175.0,21.4,15.790371,57.767807,2.814796,1533.0,52.51093,6.0
2021-11-01 10:57:49+0000,64.95,175.0,21.2,15.37594,58.052105,2.7961032,1522.0,52.16722,5.0
2021-11-01 10:58:22+0000,64.95,175.0,21.2,15.37594,58.052105,2.7961032,1522.0,52.16722,5.0
2021-11-02 10:49:54+0000,64.55,175.0,21.0,15.10252,58.23967,2.7877474,1516.0,52.01358,5.0
2021-11-03 02:07:23+0000,64.95,175.0,21.2,null,null,null,null,null,null
2021-11-03 11:47:50+0000,64.35,175.0,21.0,14.769035,58.46844,2.7900581,1513.0,52.056065,5.0
2021-11-03 22:43:45+0000,86.2,183.0,25.7,null,null,null,null,null,null
2021-11-04 12:39:02+0000,64.85,175.0,21.1,14.990708,58.316376,2.8046243,1520.0,52.3239,5.0
2021-11-05 11:34:06+0000,65.35,175.0,21.3,15.427505,58.01673,2.811825,1528.0,52.4563,6.0
2021-11-08 10:42:54+0000,65.35,175.0,21.3,15.53156,57.94535,2.8083174,1528.0,52.391808,6.0
2021-11-08 17:15:36+0000,65.8,175.0,21.4,null,null,null,null,null,null
2021-11-09 10:36:21+0000,65.5,175.0,21.3,15.817824,57.748974,2.8051815,1530.0,52.334145,6.0
2021-11-10 10:40:21+0000,65.65,175.0,21.4,15.874906,57.709816,2.8097618,1532.0,52.418365,6.0
2021-11-11 10:48:27+0000,65.65,175.0,21.4,15.968127,57.645863,2.806605,1532.0,52.36032,6.0
2021-11-12 11:31:33+0000,65.65,175.0,21.4,15.926696,57.674286,2.808008,1532.0,52.386116,6.0
2021-11-16 10:57:52+0000,65.85,175.0,21.5,16.064198,57.57996,2.8120105,1535.0,52.459713,6.0
2021-11-17 10:37:09+0000,65.6,175.0,21.4,15.897369,57.694405,2.806832,1531.0,52.364494,6.0
2021-11-18 00:48:30+0000,66.7,175.0,21.7,null,null,null,null,null,null
2021-11-18 10:43:45+0000,65.85,175.0,21.5,16.157137,57.516205,2.8088539,1535.0,52.401672,6.0
2021-11-19 01:32:09+0000,66.3,175.0,21.6,null,null,null,null,null,null
2021-11-19 10:34:27+0000,65.85,175.0,21.5,16.17779,57.502037,2.8081524,1535.0,52.38877,6.0
2021-11-20 00:16:26+0000,66.0,175.0,21.5,null,null,null,null,null,null
2021-11-20 11:22:52+0000,65.85,175.0,21.5,16.11583,57.54454,2.810257,1535.0,52.427467,6.0
2021-11-20 22:22:42+0000,84.55,183.0,25.2,null,null,null,null,null,null
2021-11-20 22:22:58+0000,84.65,183.0,25.2,25.076744,51.397354,3.2324295,1675.0,60.190105,12.0
2021-11-20 22:23:58+0000,84.65,183.0,25.2,25.076744,51.397354,3.2324295,1675.0,60.190105,12.0
2021-11-20 22:24:24+0000,84.65,183.0,25.2,null,null,null,null,null,null
2021-11-21 11:39:26+0000,65.95,175.0,21.5,16.338852,57.39155,2.806997,1536.0,52.367527,6.0
2021-11-22 10:37:36+0000,64.85,175.0,21.1,15.368195,58.05742,2.7919977,1520.0,52.09173,5.0
2021-11-23 11:25:55+0000,65.3,175.0,21.3,15.397667,58.0372,2.810649,1527.0,52.434677,6.0
2021-11-24 11:31:54+0000,65.65,175.0,21.4,15.864548,57.71692,2.8101125,1532.0,52.424812,6.0
2021-11-24 22:13:33+0000,65.35,175.0,21.3,null,null,null,null,null,null
2021-11-25 10:48:34+0000,65.6,175.0,21.4,15.741881,57.80107,2.812093,1531.0,52.46123,6.0
2021-11-25 15:45:55+0000,66.85,175.0,21.8,null,null,null,null,null,null
2021-11-26 10:00:53+0000,87.35,183.0,26.0,null,null,null,null,null,null
2021-11-26 12:26:13+0000,65.75,175.0,21.4,15.819734,57.74766,2.815972,1534.0,52.532555,6.0
2021-11-26 12:41:27+0000,65.5,175.0,21.3,15.620572,57.88429,2.8118455,1530.0,52.45668,6.0
2021-11-27 11:11:47+0000,66.35,175.0,21.6,16.240353,57.459118,2.827629,1542.0,52.746895,6.0
2021-11-28 11:11:38+0000,66.1,175.0,21.5,16.00344,57.62164,2.8249056,1539.0,52.69682,6.0
2021-11-28 21:22:51+0000,65.35,175.0,21.3,null,null,null,null,null,null
2021-11-29 12:30:35+0000,65.15,175.0,21.2,15.412242,58.027203,2.8036134,1525.0,52.305313,6.0
2021-11-29 12:30:38+0000,65.15,175.0,21.2,15.412242,58.027203,2.8036134,1525.0,52.305313,6.0
2021-11-30 10:44:42+0000,65.15,175.0,21.2,15.516617,57.9556,2.800106,1525.0,52.240818,6.0
2021-12-01 01:21:06+0000,66.3,175.0,21.6,null,null,null,null,null,null
2021-12-01 10:18:44+0000,88.3,183.0,26.3,null,null,null,null,null,null
2021-12-01 12:49:39+0000,65.2,175.0,21.2,15.588149,57.90653,2.799879,1525.0,52.236645,6.0
2021-12-02 12:07:24+0000,65.6,175.0,21.4,15.887003,57.701515,2.8071828,1531.0,52.37094,6.0
2021-12-03 10:07:55+0000,65.4,175.0,21.3,15.842011,57.73238,2.8000236,1528.0,52.239304,6.0
2021-12-03 10:08:12+0000,65.4,175.0,21.3,15.842011,57.73238,2.8000236,1528.0,52.239304,6.0
2021-12-06 01:27:10+0000,88.0,183.0,26.2,null,null,null,null,null,null
2021-12-07 11:54:01+0000,65.4,175.0,21.3,15.821217,57.746647,2.800725,1528.0,52.2522,6.0
2021-12-07 23:31:29+0000,86.25,183.0,25.7,null,null,null,null,null,null
2021-12-08 10:53:27+0000,64.9,175.0,21.1,15.70212,57.828346,2.7830021,1521.0,51.926323,5.0
2021-12-08 23:11:07+0000,66.0,175.0,21.5,null,null,null,null,null,null
2021-12-09 10:57:55+0000,65.85,175.0,21.5,16.219095,57.4737,2.8067493,1535.0,52.362976,6.0
2021-12-10 10:30:47+0000,65.3,175.0,21.3,16.032888,57.601437,2.7892535,1527.0,52.04127,6.0
2021-12-10 23:06:26+0000,65.8,175.0,21.4,null,null,null,null,null,null
2021-12-11 11:45:32+0000,65.55,175.0,21.4,16.023611,57.607803,2.8003948,1531.0,52.24613,6.0
2021-12-11 11:45:53+0000,65.55,175.0,21.4,16.013237,57.61492,2.8007457,1531.0,52.25258,6.0
2021-12-12 11:44:59+0000,65.25,175.0,21.3,15.659578,57.85753,2.799652,1526.0,52.23247,6.0
2021-12-12 11:45:19+0000,65.25,175.0,21.3,15.659578,57.85753,2.799652,1526.0,52.23247,6.0
2021-12-13 13:26:18+0000,64.55,175.0,21.0,15.039313,58.28303,2.789852,1516.0,52.052273,5.0
2021-12-15 12:05:12+0000,65.55,175.0,21.4,15.556791,57.92804,2.8161783,1531.0,52.536346,6.0
2021-12-15 12:05:32+0000,65.55,175.0,21.4,15.556791,57.92804,2.8161783,1531.0,52.536346,6.0
2021-12-15 21:40:14+0000,86.05,183.0,25.6,null,null,null,null,null,null
2021-12-16 12:41:41+0000,65.35,175.0,21.3,15.458721,57.995316,2.8107727,1528.0,52.43695,6.0
2021-12-17 10:21:17+0000,65.35,175.0,21.3,15.333855,58.080975,2.8149817,1528.0,52.514343,6.0
2021-12-20 11:17:30+0000,65.05,175.0,21.2,15.498657,57.967922,2.796351,1523.0,52.171776,5.0
2021-12-21 10:44:26+0000,65.25,175.0,21.3,15.690843,57.836082,2.7985997,1526.0,52.213123,6.0
2021-12-21 10:44:46+0000,65.25,175.0,21.3,15.690843,57.836082,2.7985997,1526.0,52.213123,6.0
2021-12-22 10:26:43+0000,65.1,175.0,21.2,15.444968,58.004753,2.8003328,1524.0,52.24499,5.0
2021-12-23 11:12:51+0000,65.65,175.0,21.4,15.781684,57.773766,2.8129184,1532.0,52.476406,6.0
2021-12-24 00:20:44+0000,60.5,160.0,23.6,34.906796,46.476547,2.3441932,1040.0,37.037197,8.0
2021-12-24 00:23:08+0000,80.0,183.0,23.8,23.71483,52.331627,3.1089263,1390.0,57.91921,15.0
2021-12-24 11:05:18+0000,66.05,175.0,21.5,16.283236,57.429703,2.8132074,1538.0,52.48172,6.0
2021-12-25 11:16:16+0000,65.8,175.0,21.4,16.086742,57.564495,2.8090808,1534.0,52.405846,6.0
2021-12-27 11:39:41+0000,66.35,175.0,21.6,16.629803,57.191956,2.8143008,1542.0,52.501823,6.0
2021-12-28 11:05:57+0000,65.35,175.0,21.3,15.562777,57.923935,2.8072653,1528.0,52.37246,6.0
2021-12-29 11:43:13+0000,65.65,175.0,21.4,16.092422,57.560596,2.802396,1532.0,52.28293,6.0
2021-12-30 12:39:06+0000,66.8,175.0,21.8,16.202211,57.485283,2.8483849,1549.0,53.12854,6.0
2021-12-30 18:48:26+0000,80.75,183.0,24.1,24.193516,52.00325,3.1184995,1401.0,58.095238,15.0
2021-12-31 10:50:18+0000,66.4,175.0,21.6,16.06427,57.57991,2.83582,1543.0,52.897507,6.0
2022-01-01 14:19:42+0000,66.4,175.0,21.6,16.033548,57.600986,2.8368723,1543.0,52.916855,6.0
2022-01-02 12:07:24+0000,65.7,175.0,21.4,15.65582,57.860107,2.8193555,1533.0,52.59477,6.0
2022-01-03 12:43:51+0000,66.75,175.0,21.7,16.45884,57.309235,2.837388,1548.0,52.92634,6.0
2022-01-04 13:35:57+0000,66.15,175.0,21.6,16.094143,57.559418,2.8239772,1539.0,52.67975,6.0
2022-01-05 13:34:45+0000,66.5,175.0,21.7,16.183271,57.498276,2.8360674,1545.0,52.902058,6.0
2022-01-06 12:41:05+0000,66.3,175.0,21.6,null,null,null,null,null,null
2022-01-06 12:41:26+0000,66.3,175.0,21.6,16.06799,57.57736,2.8313634,1542.0,52.815563,6.0
2022-01-06 12:42:55+0000,66.3,175.0,21.6,16.109015,57.549217,2.8299606,1542.0,52.789764,6.0
2022-01-07 13:19:31+0000,66.2,175.0,21.6,16.369596,57.370457,2.8167353,1540.0,52.54659,6.0
2022-01-08 12:56:47+0000,66.2,175.0,21.6,16.194975,57.490246,2.8226979,1540.0,52.656227,6.0
2022-01-09 12:38:01+0000,65.8,175.0,21.4,15.931727,57.670834,2.814342,1534.0,52.502583,6.0
2022-01-10 13:35:29+0000,66.0,175.0,21.5,16.23375,57.463646,2.8127327,1537.0,52.472992,6.0
2022-01-11 12:11:44+0000,65.05,175.0,21.2,15.530018,57.946407,2.7952988,1523.0,52.152428,5.0
2022-01-12 12:26:27+0000,66.0,175.0,21.5,16.027689,57.605003,2.8197477,1537.0,52.60198,6.0
2022-01-14 11:20:08+0000,66.3,175.0,21.6,16.252604,57.450714,2.82505,1542.0,52.699474,6.0
2022-01-17 11:22:32+0000,65.95,175.0,21.5,16.029528,57.603745,2.8175194,1536.0,52.561005,6.0
2022-01-19 11:32:18+0000,65.6,175.0,21.4,15.793711,57.765514,2.8103395,1531.0,52.428986,6.0
2022-01-22 12:04:27+0000,65.5,175.0,21.3,15.828206,57.74185,2.8048308,1530.0,52.327694,6.0
2022-01-23 13:46:56+0000,65.0,175.0,21.2,15.573346,57.916683,2.7916675,1522.0,52.08566,5.0
2022-01-24 12:30:08+0000,65.45,175.0,21.3,15.746789,57.797703,2.8054082,1529.0,52.338314,6.0
2022-01-26 11:17:03+0000,64.55,175.0,21.0,15.31321,58.09514,2.7807326,1516.0,51.884594,5.0
2022-01-27 11:22:23+0000,65.0,175.0,21.2,null,null,null,null,null,null
2022-01-27 11:22:43+0000,65.0,175.0,21.2,15.468731,57.98845,2.7951748,1522.0,52.15015,5.0
2022-01-28 13:01:08+0000,64.15,175.0,20.9,14.910484,58.371407,2.7765856,1510.0,51.80834,5.0
2022-01-29 12:34:10+0000,65.65,175.0,21.4,15.647031,57.86614,2.8174782,1532.0,52.560246,6.0
2022-01-29 12:34:15+0000,65.65,175.0,21.4,15.647031,57.86614,2.8174782,1532.0,52.560246,6.0
2022-01-30 12:45:38+0000,65.15,175.0,21.2,15.673179,57.848198,2.7948449,1525.0,52.14408,6.0
2022-01-31 12:18:03+0000,66.2,175.0,21.6,16.205246,57.4832,2.8223472,1540.0,52.649776,6.0
2022-02-01 11:51:58+0000,65.6,175.0,21.4,15.814443,57.751293,2.809638,1531.0,52.41609,6.0
2022-02-01 11:51:59+0000,65.6,175.0,21.4,15.814443,57.751293,2.809638,1531.0,52.41609,6.0
2022-02-03 11:19:11+0000,65.6,175.0,21.4,16.405296,57.345966,2.7896454,1531.0,52.048477,6.0
2022-02-07 12:07:10+0000,65.95,175.0,21.5,16.318232,57.405693,2.8076985,1536.0,52.380424,6.0
2022-02-08 11:44:21+0000,65.3,175.0,21.3,15.782966,57.772884,2.7976716,1527.0,52.196056,6.0
2022-02-14 12:31:49+0000,66.9,175.0,21.8,16.940323,56.97894,2.8272371,1551.0,52.73969,6.0
2022-02-15 10:27:28+0000,66.25,175.0,21.6,16.336718,57.393013,2.820016,1541.0,52.60691,6.0
2022-02-15 10:27:35+0000,66.25,175.0,21.6,16.336718,57.393013,2.820016,1541.0,52.60691,6.0
2022-02-16 10:54:13+0000,66.55,175.0,21.7,16.630919,57.19119,2.822863,1545.0,52.659264,6.0
2022-02-16 22:48:21+0000,67.25,175.0,21.9,null,null,null,null,null,null
2022-02-17 10:59:04+0000,66.15,175.0,21.6,16.46421,57.30555,2.8113503,1539.0,52.447575,6.0
2022-02-18 09:22:00+0000,65.7,175.0,21.4,16.090523,57.5619,2.8046243,1533.0,52.3239,6.0
2022-02-19 11:35:11+0000,66.1,175.0,21.5,16.672125,57.16292,2.8021073,1539.0,52.27762,6.0
2022-02-19 11:35:12+0000,66.1,175.0,21.5,16.672125,57.16292,2.8021073,1539.0,52.27762,6.0
2022-02-20 11:33:16+0000,66.1,175.0,21.5,16.260626,57.44521,2.816137,1539.0,52.535587,6.0
2022-02-21 12:18:12+0000,66.05,175.0,21.5,16.375893,57.36614,2.8100507,1538.0,52.423676,6.0
2022-02-22 11:53:18+0000,66.25,175.0,21.6,16.521471,57.26627,2.8137023,1541.0,52.49082,6.0
2022-02-23 12:54:03+0000,66.45,175.0,21.6,16.471743,57.300385,2.8240185,1544.0,52.680504,6.0
2022-02-23 12:54:05+0000,66.45,175.0,21.6,16.471743,57.300385,2.8240185,1544.0,52.680504,6.0
2022-02-24 10:25:05+0000,66.7,175.0,21.7,16.664877,57.167892,2.8281448,1548.0,52.75638,6.0
2022-02-24 10:25:25+0000,66.7,175.0,21.7,16.664877,57.167892,2.8281448,1548.0,52.75638,6.0
2022-02-25 13:47:17+0000,66.15,175.0,21.6,16.371695,57.36902,2.8145072,1539.0,52.50562,6.0
2022-03-03 12:20:55+0000,66.6,175.0,21.7,17.006418,56.933598,2.8121138,1546.0,52.46161,6.0
2022-03-04 12:23:30+0000,66.3,175.0,21.6,16.591066,57.21853,2.8134756,1542.0,52.48665,6.0
2022-03-05 12:12:20+0000,65.75,175.0,21.4,16.202394,57.485157,2.8029945,1534.0,52.29393,6.0
2022-03-06 11:46:53+0000,67.45,175.0,22.0,null,null,null,null,null,null
2022-03-06 11:48:07+0000,67.15,175.0,21.9,16.786114,57.084724,2.8432887,1554.0,53.034836,7.0
2022-03-07 12:49:41+0000,66.8,175.0,21.8,16.78245,57.08724,2.8283925,1549.0,52.760933,6.0
2022-03-08 12:14:05+0000,66.8,175.0,21.8,16.945324,56.975506,2.8227806,1549.0,52.657745,6.0
2022-03-10 01:06:37+0000,67.1,175.0,21.9,null,null,null,null,null,null
2022-03-10 12:19:50+0000,66.35,175.0,21.6,16.517067,57.26929,2.8181589,1542.0,52.572765,6.0
2022-03-11 11:28:26+0000,66.95,175.0,21.8,16.785471,57.085167,2.8347263,1551.0,52.8774,6.0
2022-03-14 10:59:03+0000,66.9,175.0,21.8,17.07246,56.888294,2.8226774,1551.0,52.65585,6.0
2022-03-15 10:18:05+0000,67.65,175.0,22.0,17.355618,56.694046,2.8448775,1562.0,53.06405,7.0
2022-03-16 10:07:33+0000,66.25,175.0,21.6,16.808868,57.06912,2.8038816,1541.0,52.31024,6.0
2022-03-17 10:29:12+0000,66.4,175.0,21.6,16.965475,56.961685,2.8049545,1543.0,52.32997,6.0
2022-03-18 10:11:32+0000,67.1,175.0,21.9,17.285059,56.74245,2.823874,1554.0,52.67785,6.0
2022-03-19 12:01:33+0000,66.75,175.0,21.7,17.080261,56.88294,2.8159926,1548.0,52.532932,6.0
2022-03-20 12:05:35+0000,67.15,175.0,21.9,17.343077,56.70265,2.8239977,1554.0,52.680126,7.0
2022-03-21 00:29:43+0000,67.75,175.0,22.1,null,null,null,null,null,null
2022-03-21 10:33:05+0000,67.3,175.0,21.9,17.405462,56.65985,2.8282275,1557.0,52.7579,7.0
2022-03-22 10:38:50+0000,66.95,175.0,21.8,17.151117,56.83433,2.8220997,1551.0,52.645226,6.0
2022-03-23 10:10:52+0000,66.95,175.0,21.8,17.18159,56.81343,2.8210473,1551.0,52.625877,6.0
2022-03-24 11:26:00+0000,66.95,175.0,21.8,17.232372,56.77859,2.8192937,1551.0,52.59363,6.0
2022-03-25 00:14:51+0000,66.4,175.0,21.6,null,null,null,null,null,null
2022-03-25 10:17:35+0000,66.65,175.0,21.7,17.014067,56.92835,2.8139913,1547.0,52.496136,6.0
2022-03-28 10:41:39+0000,67.25,175.0,21.9,16.912825,56.997803,2.8431857,1556.0,53.03294,7.0
2022-03-29 14:01:22+0000,67.45,175.0,22.0,17.044142,56.90772,2.8471882,1559.0,53.106537,7.0
2022-03-30 12:29:30+0000,66.15,175.0,21.6,16.48477,57.291447,2.810649,1539.0,52.434677,6.0
2022-03-31 10:41:45+0000,66.65,175.0,21.7,16.799814,57.07533,2.821357,1547.0,52.63157,6.0
2022-04-01 10:39:30+0000,66.95,175.0,21.8,17.222216,56.78556,2.8196445,1551.0,52.60008,6.0
2022-04-02 12:27:10+0000,66.75,175.0,21.7,16.998764,56.938847,2.8187985,1548.0,52.584526,6.0
2022-04-04 00:35:34+0000,68.4,175.0,22.3,null,null,null,null,null,null
2022-04-04 10:36:44+0000,67.5,175.0,22.0,17.212852,56.791985,2.843454,1560.0,53.037872,7.0
2022-04-05 11:41:41+0000,66.95,175.0,21.8,16.998766,56.938847,2.8273609,1551.0,52.741962,6.0
2022-04-06 01:53:56+0000,67.75,175.0,22.1,null,null,null,null,null,null
2022-04-06 10:41:18+0000,66.95,175.0,21.8,16.907354,57.001556,2.8305175,1551.0,52.800007,6.0
2022-04-07 12:50:38+0000,66.7,175.0,21.7,16.909555,57.000046,2.819727,1548.0,52.601597,6.0
2022-04-08 11:23:22+0000,66.9,175.0,21.8,16.98098,56.951046,2.825834,1551.0,52.71389,6.0
2022-04-11 11:39:13+0000,67.5,175.0,22.0,17.283371,56.743607,2.8409986,1560.0,52.992725,7.0
2022-04-11 16:35:05+0000,68.25,175.0,22.2,null,null,null,null,null,null
2022-04-12 01:09:06+0000,68.6,175.0,22.4,null,null,null,null,null,null
2022-04-12 10:28:23+0000,67.65,175.0,22.0,17.405876,56.65957,2.8431237,1562.0,53.031803,7.0
2022-04-13 13:08:34+0000,66.5,175.0,21.7,16.89906,57.007244,2.8115156,1545.0,52.45061,6.0
2022-04-14 10:54:34+0000,67.0,175.0,21.8,17.01653,56.92666,2.8288877,1552.0,52.77004,6.0
2022-04-15 12:39:45+0000,66.85,175.0,21.8,17.024195,56.921402,2.822203,1550.0,52.64712,6.0
2022-04-15 22:41:50+0000,66.85,175.0,21.8,null,null,null,null,null,null
2022-04-16 00:09:26+0000,67.8,175.0,22.1,null,null,null,null,null,null
2022-04-16 11:47:10+0000,66.95,175.0,21.8,16.805786,57.07123,2.834025,1551.0,52.8645,6.0
2022-04-18 11:27:08+0000,67.7,175.0,22.1,17.382975,56.67528,2.8460534,1563.0,53.08567,7.0
2022-04-19 10:47:39+0000,67.25,175.0,21.9,17.185837,56.810516,2.8337154,1556.0,52.85881,7.0
2022-04-19 20:44:50+0000,68.15,175.0,22.2,null,null,null,null,null,null
2022-04-20 01:37:23+0000,68.3,175.0,22.3,null,null,null,null,null,null
2022-04-20 11:21:59+0000,67.55,175.0,22.0,17.451778,56.62808,2.8372643,1560.0,52.92406,7.0
2022-04-21 12:13:26+0000,67.4,175.0,22.0,17.24848,56.767544,2.837945,1558.0,52.93658,7.0
2022-04-25 11:49:28+0000,67.1,175.0,21.9,17.07224,56.888443,2.8312397,1554.0,52.813286,6.0
2022-04-25 21:56:32+0000,67.75,175.0,22.1,null,null,null,null,null,null
2022-04-26 11:27:13+0000,67.4,175.0,22.0,17.24848,56.767544,2.837945,1558.0,52.93658,7.0
2022-04-26 16:04:19+0000,68.5,175.0,22.3,null,null,null,null,null,null
2022-04-27 10:26:48+0000,67.05,175.0,21.8,16.993702,56.94232,2.8318174,1553.0,52.82391,6.0
2022-04-28 03:43:43+0000,67.95,175.0,22.1,null,null,null,null,null,null
2022-04-28 12:12:02+0000,67.05,175.0,21.8,17.024126,56.921448,2.8307652,1553.0,52.80456,6.0
2022-04-29 11:14:50+0000,66.6,175.0,21.7,16.934946,56.982628,2.814569,1546.0,52.506756,6.0
2022-04-30 15:13:51+0000,66.45,175.0,21.6,16.666176,57.167004,2.8173542,1544.0,52.55797,6.0
2022-05-01 12:00:56+0000,66.55,175.0,21.7,16.692226,57.14913,2.8207586,1545.0,52.620567,6.0
2022-05-02 14:44:33+0000,65.9,175.0,21.5,16.134562,57.531693,2.8117838,1536.0,52.455544,6.0
2022-05-02 21:06:30+0000,66.75,175.0,21.7,null,null,null,null,null,null
2022-05-03 01:45:33+0000,66.65,175.0,21.7,null,null,null,null,null,null
2022-05-03 12:17:41+0000,65.9,175.0,21.5,16.320297,57.404278,2.8054702,1536.0,52.339455,6.0
2022-05-04 12:10:11+0000,66.5,175.0,21.7,16.500263,57.28082,2.8251946,1545.0,52.70213,6.0
2022-05-04 12:10:16+0000,66.5,175.0,21.7,16.500263,57.28082,2.8251946,1545.0,52.70213,6.0
2022-05-06 12:26:45+0000,65.45,175.0,21.3,16.151983,57.519737,2.7917292,1529.0,52.086796,6.0
2022-05-07 11:46:56+0000,66.15,175.0,21.6,16.49505,57.284397,2.8102982,1539.0,52.428226,6.0
2022-05-09 11:59:08+0000,66.7,175.0,21.7,17.00131,56.937103,2.8165703,1548.0,52.543552,6.0
2022-05-09 11:59:12+0000,66.7,175.0,21.7,17.00131,56.937103,2.8165703,1548.0,52.543552,6.0
2022-05-09 18:58:37+0000,66.9,175.0,21.8,null,null,null,null,null,null
2022-05-10 10:13:31+0000,66.45,175.0,21.6,16.881073,57.019585,2.8099887,1544.0,52.422535,6.0
2022-05-11 12:03:34+0000,66.45,175.0,21.6,16.93224,56.98448,2.808235,1544.0,52.39029,6.0
2022-05-12 12:22:53+0000,66.1,175.0,21.5,16.630974,57.19115,2.8035102,1539.0,52.303413,6.0
2022-05-12 19:25:58+0000,67.25,175.0,21.9,null,null,null,null,null,null
2022-05-13 11:53:49+0000,65.45,175.0,21.3,16.131205,57.533993,2.7924309,1529.0,52.099693,6.0
2022-05-14 14:34:08+0000,66.45,175.0,21.6,16.215912,57.475883,2.832787,1544.0,52.841736,6.0
2022-05-15 16:25:06+0000,66.75,175.0,21.7,16.255095,57.449005,2.8444028,1548.0,53.05532,6.0
2022-05-15 16:25:10+0000,66.75,175.0,21.7,16.255095,57.449005,2.8444028,1548.0,53.05532,6.0
2022-05-15 21:13:30+0000,68.0,175.0,22.2,null,null,null,null,null,null
2022-05-16 12:03:13+0000,67.05,175.0,21.8,17.196535,56.803177,2.8248026,1553.0,52.694923,6.0
2022-05-17 12:51:33+0000,66.15,175.0,21.6,16.567007,57.23503,2.807843,1539.0,52.383083,6.0
2022-05-18 11:29:13+0000,66.55,175.0,21.7,16.906801,57.001934,2.813393,1545.0,52.485134,6.0
2022-05-18 16:00:25+0000,67.9,175.0,22.1,null,null,null,null,null,null
2022-05-19 11:39:53+0000,66.2,175.0,21.6,16.54422,57.250664,2.8107727,1540.0,52.43695,6.0
2022-05-19 16:51:42+0000,67.5,175.0,22.0,null,null,null,null,null,null
2022-05-20 11:58:59+0000,67.1,175.0,21.9,17.325596,56.71464,2.8224711,1554.0,52.652054,6.0
2022-05-20 12:00:14+0000,66.65,175.0,21.7,17.02427,56.921352,2.8136406,1547.0,52.489685,6.0
2022-05-23 12:12:25+0000,66.4,175.0,21.6,16.258848,57.44643,2.829156,1543.0,52.77497,6.0
2022-05-24 00:32:01+0000,67.0,175.0,21.8,null,null,null,null,null,null
2022-05-24 12:48:13+0000,66.2,175.0,21.6,16.718842,57.130875,2.80481,1540.0,52.327312,6.0
2022-05-25 12:06:50+0000,66.5,175.0,21.7,16.561617,57.23873,2.82309,1545.0,52.663433,6.0
2022-05-25 18:32:23+0000,66.9,175.0,21.8,null,null,null,null,null,null
2022-05-26 13:02:06+0000,66.2,175.0,21.6,16.780474,57.088596,2.8027055,1540.0,52.28862,6.0
2022-05-26 16:39:13+0000,67.15,175.0,21.9,null,null,null,null,null,null
2022-05-27 12:19:41+0000,66.55,175.0,21.7,16.324383,57.401474,2.8333855,1545.0,52.85274,6.0
2022-05-27 12:25:22+0000,65.9,175.0,21.5,15.876595,57.708656,2.8205523,1536.0,52.61677,6.0
2022-05-27 23:56:25+0000,66.15,175.0,21.6,null,null,null,null,null,null
2022-05-28 12:28:18+0000,60.7,160.0,23.7,null,null,null,null,null,null
2022-05-28 12:30:54+0000,66.3,175.0,21.6,16.15004,57.521072,2.8285575,1542.0,52.76397,6.0
2022-05-30 02:08:39+0000,68.25,175.0,22.2,null,null,null,null,null,null
2022-05-30 10:55:40+0000,66.95,175.0,21.8,16.917511,56.994587,2.8301668,1551.0,52.793556,6.0
2022-05-31 00:15:11+0000,67.15,175.0,21.9,null,null,null,null,null,null
2022-05-31 11:10:16+0000,66.3,175.0,21.6,16.69363,57.14817,2.8099682,1542.0,52.422157,6.0
2022-06-01 12:37:59+0000,66.3,175.0,21.6,16.765123,57.099125,2.8075233,1533.0,52.3772,6.0
2022-06-01 17:43:09+0000,67.55,175.0,22.0,null,null,null,null,null,null
2022-06-02 00:29:42+0000,67.25,175.0,21.9,null,null,null,null,null,null
2022-06-02 02:22:28+0000,67.45,175.0,22.0,null,null,null,null,null,null
2022-06-02 11:24:32+0000,66.55,175.0,21.7,16.988245,56.946064,2.8105974,1536.0,52.433727,6.0
2022-06-02 11:25:33+0000,66.05,175.0,21.5,16.447655,57.31691,2.8076057,1529.0,52.37872,6.0
2022-06-03 12:05:09+0000,66.05,175.0,21.5,16.777103,57.090908,2.796382,1529.0,52.172344,6.0
2022-06-05 19:47:19+0000,67.15,175.0,21.9,null,null,null,null,null,null
2022-06-06 12:15:12+0000,65.95,175.0,21.5,16.317928,57.405903,2.8077087,1528.0,52.380615,6.0
2022-06-09 12:10:29+0000,66.3,175.0,21.6,16.498457,57.28206,2.8166425,1533.0,52.544884,6.0
2022-06-09 12:10:30+0000,66.3,175.0,21.6,16.498457,57.28206,2.8166425,1533.0,52.544884,6.0
2022-06-09 20:05:32+0000,67.25,175.0,21.9,null,null,null,null,null,null
2022-06-10 12:22:53+0000,66.0,175.0,21.5,16.31587,57.40731,2.8099372,1528.0,52.42159,6.0
2022-06-11 13:15:25+0000,66.0,175.0,21.5,16.171629,57.506264,2.8148475,1528.0,52.51188,6.0
2022-06-11 13:15:30+0000,66.0,175.0,21.5,16.171629,57.506264,2.8148475,1528.0,52.51188,6.0
2022-06-13 12:14:28+0000,66.0,175.0,21.5,16.24375,57.456787,2.8123922,1528.0,52.466732,6.0
2022-06-14 12:23:52+0000,66.45,175.0,21.6,16.62494,57.19529,2.8187675,1535.0,52.583958,6.0
2022-06-15 11:17:19+0000,65.75,175.0,21.4,16.046959,57.591785,2.808266,1525.0,52.390858,6.0
2022-06-19 12:23:53+0000,66.45,175.0,21.6,16.584007,57.22337,2.8201706,1535.0,52.609753,6.0
2022-06-20 12:14:59+0000,65.75,175.0,21.4,15.664296,57.854294,2.8212435,1525.0,52.629482,6.0
2022-06-20 21:06:51+0000,67.45,175.0,22.0,null,null,null,null,null,null
2022-06-21 12:50:23+0000,66.1,175.0,21.5,16.568947,57.233704,2.805625,1530.0,52.3423,6.0
2022-06-22 14:02:41+0000,68.8,175.0,22.4,null,null,null,null,null,null
2022-06-22 14:03:27+0000,65.9,175.0,21.5,16.392223,57.354935,2.8030255,1527.0,52.2945,6.0
2022-06-23 12:01:00+0000,65.6,175.0,21.4,15.855601,57.723057,2.8082452,1522.0,52.39048,6.0
2022-06-24 00:37:49+0000,66.45,175.0,21.6,null,null,null,null,null,null
2022-06-24 13:22:19+0000,66.2,175.0,21.6,16.17413,57.504547,2.8234098,1531.0,52.669315,6.0
2022-06-25 11:11:37+0000,66.2,175.0,21.6,null,null,null,null,null,null
2022-06-25 11:12:16+0000,65.75,175.0,21.4,16.181406,57.499554,2.8037062,1525.0,52.30702,6.0
2022-06-28 11:52:18+0000,66.1,175.0,21.5,16.373486,57.36779,2.8122892,1530.0,52.464836,6.0
2022-06-29 11:50:02+0000,65.55,175.0,21.4,15.981811,57.63648,2.801808,1522.0,52.272118,6.0
2022-06-29 11:50:06+0000,65.55,175.0,21.4,15.981811,57.63648,2.801808,1522.0,52.272118,6.0
2022-06-29 15:59:50+0000,67.75,175.0,22.1,null,null,null,null,null,null
2022-06-29 16:23:42+0000,67.85,175.0,22.1,null,null,null,null,null,null
2022-06-30 12:59:44+0000,65.95,175.0,21.5,16.390104,57.356388,2.8052535,1528.0,52.335472,6.0
2022-07-01 01:01:25+0000,67.55,175.0,22.0,null,null,null,null,null,null
2022-07-01 12:48:59+0000,66.9,175.0,21.8,16.90953,57.00006,2.8282995,1542.0,52.759228,7.0
2022-07-01 23:22:31+0000,67.25,175.0,21.9,null,null,null,null,null,null
2022-07-02 11:46:44+0000,66.4,175.0,21.6,16.70915,57.137524,2.8137333,1534.0,52.49139,6.0
2022-07-03 20:26:41+0000,67.25,175.0,21.9,null,null,null,null,null,null
2022-07-04 12:08:45+0000,66.8,175.0,21.8,16.731253,57.12236,2.8301566,1540.0,52.79337,6.0
2022-07-06 11:30:12+0000,67.05,175.0,21.8,16.831137,57.05384,2.8374395,1544.0,52.927288,7.0
2022-07-07 02:28:39+0000,67.55,175.0,22.0,null,null,null,null,null,null
2022-07-07 11:04:33+0000,66.95,175.0,21.8,16.876585,57.022663,2.83158,1542.0,52.819546,7.0
2022-07-07 16:54:22+0000,68.65,175.0,22.4,null,null,null,null,null,null
2022-07-07 21:56:36+0000,67.6,175.0,22.0,null,null,null,null,null,null
2022-07-08 01:54:42+0000,67.45,175.0,22.0,null,null,null,null,null,null
2022-07-08 11:09:14+0000,66.7,175.0,21.7,16.766527,57.098164,2.8246477,1539.0,52.692078,6.0
2022-07-09 14:36:56+0000,66.9,175.0,21.8,16.72657,57.125572,2.834613,1542.0,52.875313,7.0
2022-07-10 13:19:31+0000,66.9,175.0,21.8,16.746899,57.111626,2.8339114,1542.0,52.862415,7.0
2022-07-11 11:35:16+0000,67.45,175.0,22.0,17.235394,56.77652,2.8405342,1550.0,52.984188,7.0
2022-07-11 20:09:07+0000,68.3,175.0,22.3,null,null,null,null,null,null
2022-07-11 22:55:52+0000,68.2,175.0,22.2,null,null,null,null,null,null
2022-07-11 22:56:49+0000,67.95,175.0,22.1,null,null,null,null,null,null
2022-07-12 02:05:52+0000,68.45,175.0,22.3,null,null,null,null,null,null
2022-07-12 02:06:18+0000,69.0,175.0,22.5,null,null,null,null,null,null
2022-07-12 11:31:40+0000,67.35,175.0,21.9,17.170118,56.8213,2.8385332,1548.0,52.94739,7.0
2022-07-13 00:38:28+0000,67.1,175.0,21.9,null,null,null,null,null,null
2022-07-13 11:46:25+0000,66.75,175.0,21.7,16.947529,56.973995,2.8205626,1539.0,52.616962,6.0
2022-07-13 23:33:55+0000,65.95,175.0,21.5,null,null,null,null,null,null
2022-07-14 11:37:03+0000,65.95,175.0,21.5,16.493212,57.285656,2.8017461,1528.0,52.270977,6.0
2022-07-15 00:25:46+0000,67.05,175.0,21.8,null,null,null,null,null,null
2022-07-15 11:30:02+0000,66.65,175.0,21.7,16.840324,57.04754,2.8199644,1538.0,52.60596,6.0
2022-07-18 00:17:25+0000,67.85,175.0,22.1,null,null,null,null,null,null
2022-07-18 11:35:58+0000,67.3,175.0,21.9,17.081837,56.88186,2.8394616,1548.0,52.964466,7.0
2022-07-19 02:44:11+0000,66.75,175.0,21.7,null,null,null,null,null,null
2022-07-19 11:44:06+0000,66.25,175.0,21.6,16.531433,57.259438,2.8133621,1532.0,52.484562,6.0
2022-07-20 11:34:55+0000,66.0,175.0,21.5,16.418901,57.33663,2.8064296,1528.0,52.357094,6.0
2022-07-21 11:46:29+0000,66.85,175.0,21.8,16.871315,57.02628,2.8274744,1541.0,52.74405,7.0
2022-07-21 23:42:09+0000,68.25,175.0,22.2,null,null,null,null,null,null
2022-07-22 10:54:14+0000,67.25,175.0,21.9,16.912527,56.998005,2.843196,1547.0,53.03313,7.0
2022-07-23 16:27:31+0000,66.1,175.0,21.5,15.879688,57.706535,2.829125,1530.0,52.7744,6.0
2022-07-24 12:34:45+0000,66.65,175.0,21.7,16.26898,57.43948,2.839606,1538.0,52.96712,6.0
2022-07-25 10:58:44+0000,66.7,175.0,21.7,16.96023,56.965282,2.8179836,1539.0,52.569542,6.0
2022-07-25 23:05:53+0000,67.3,175.0,21.9,null,null,null,null,null,null
2022-07-26 11:07:37+0000,66.7,175.0,21.7,17.021399,56.92332,2.815879,1539.0,52.530846,6.0
2022-07-27 11:51:57+0000,66.2,175.0,21.6,16.646637,57.18041,2.8072755,1531.0,52.37265,6.0
2022-07-28 11:02:41+0000,66.85,175.0,21.8,16.728907,57.12397,2.8323848,1541.0,52.83434,7.0
2022-07-29 00:21:23+0000,66.55,175.0,21.7,null,null,null,null,null,null
2022-07-29 11:43:43+0000,66.35,175.0,21.6,16.588507,57.220284,2.8157141,1533.0,52.52781,6.0
2022-07-30 01:22:01+0000,67.25,175.0,21.9,null,null,null,null,null,null
2022-07-30 11:37:13+0000,66.55,175.0,21.7,16.855412,57.037186,2.8151572,1536.0,52.51757,6.0
2022-08-02 21:51:23+0000,88.05,183.0,26.2,27.143515,49.97955,3.2699592,1726.0,60.880177,12.0
2022-08-02 21:51:35+0000,88.05,183.0,26.2,null,null,null,null,null,null
2022-08-02 21:51:50+0000,88.05,183.0,26.2,27.143515,49.97955,3.2699592,1726.0,60.880177,12.0
2022-08-03 23:07:02+0000,88.4,183.0,26.3,null,null,null,null,null,null
2022-08-05 23:10:25+0000,88.2,183.0,26.3,26.78125,50.22806,3.2920766,1728.0,61.286858,12.0
2022-08-05 23:16:30+0000,88.0,183.0,26.2,null,null,null,null,null,null
2022-08-05 23:20:30+0000,88.05,183.0,26.2,26.711033,50.27623,3.2896008,1726.0,61.241337,12.0
2022-08-06 18:19:51+0000,67.45,175.0,22.0,null,null,null,null,null,null
2022-08-07 11:49:57+0000,66.2,175.0,21.6,16.533646,57.25792,2.8111336,1531.0,52.443592,6.0
2022-08-08 11:07:59+0000,66.5,175.0,21.7,16.724924,57.1267,2.8174884,1536.0,52.560436,6.0
2022-08-08 21:32:16+0000,88.65,183.0,26.4,null,null,null,null,null,null
2022-08-09 11:06:29+0000,66.7,175.0,21.7,16.85828,57.03522,2.821491,1539.0,52.634033,6.0
2022-08-10 00:03:28+0000,87.95,183.0,26.2,null,null,null,null,null,null
2022-08-10 01:39:02+0000,90.0,183.0,26.8,null,null,null,null,null,null
2022-08-10 22:47:35+0000,87.55,183.0,26.1,null,null,null,null,null,null
2022-08-11 01:34:07+0000,67.35,175.0,21.9,null,null,null,null,null,null
2022-08-11 11:03:56+0000,67.05,175.0,21.8,17.064394,56.893826,2.8293724,1544.0,52.778954,7.0
2022-08-11 21:53:43+0000,67.65,175.0,22.0,null,null,null,null,null,null
2022-08-11 22:10:53+0000,87.35,183.0,26.0,null,null,null,null,null,null
2022-08-11 22:11:04+0000,87.35,183.0,26.0,null,null,null,null,null,null
2022-08-12 01:26:42+0000,67.8,175.0,22.1,null,null,null,null,null,null
2022-08-12 10:58:28+0000,66.75,175.0,21.7,17.008652,56.932064,2.818458,1539.0,52.578266,6.0
2022-08-12 23:06:30+0000,87.15,183.0,26.0,26.308048,50.552677,3.2736936,1712.0,60.948845,12.0
2022-08-12 23:08:42+0000,87.15,183.0,26.0,26.308048,50.552677,3.2736936,1712.0,60.948845,12.0
2022-08-13 11:52:07+0000,67.2,175.0,21.9,17.289394,56.739475,2.82799,1546.0,52.753532,7.0
2022-08-13 16:16:34+0000,68.05,175.0,22.2,null,null,null,null,null,null
2022-08-14 11:49:57+0000,66.5,175.0,21.7,16.847631,57.042526,2.8132794,1536.0,52.483044,6.0
2022-08-14 21:28:09+0000,68.1,175.0,22.2,null,null,null,null,null,null
2022-08-15 10:18:51+0000,67.9,175.0,22.1,17.52176,56.58007,2.8497157,1557.0,53.15301,7.0
2022-08-15 22:37:38+0000,67.8,175.0,22.1,null,null,null,null,null,null
2022-08-16 01:01:03+0000,68.75,175.0,22.4,null,null,null,null,null,null
2022-08-16 01:01:19+0000,68.15,175.0,22.2,null,null,null,null,null,null
2022-08-16 10:55:22+0000,67.25,175.0,21.9,17.38777,56.67199,2.826711,1547.0,52.730015,7.0
2022-08-18 11:04:49+0000,67.55,175.0,22.0,17.431349,56.642094,2.837976,1551.0,52.93715,7.0
2022-08-19 00:20:30+0000,67.35,175.0,21.9,null,null,null,null,null,null
2022-08-19 10:18:19+0000,66.75,175.0,21.7,17.181835,56.813263,2.8124955,1539.0,52.468628,6.0
2022-08-19 22:01:11+0000,67.8,175.0,22.1,null,null,null,null,null,null
2022-08-19 22:02:02+0000,67.7,175.0,22.1,null,null,null,null,null,null
2022-08-22 10:54:24+0000,66.95,175.0,21.8,17.171133,56.820602,2.8214085,1542.0,52.632515,7.0
2022-08-23 10:58:21+0000,66.45,175.0,21.6,16.891006,57.01277,2.8096483,1535.0,52.416275,6.0
2022-08-24 10:17:21+0000,66.55,175.0,21.7,16.76345,57.100273,2.8183138,1536.0,52.57561,6.0
2022-08-24 10:17:22+0000,66.55,175.0,21.7,16.76345,57.100273,2.8183138,1536.0,52.57561,6.0
2022-08-25 10:54:54+0000,66.8,175.0,21.8,17.036642,56.912865,2.8196342,1540.0,52.59989,6.0
2022-08-26 01:43:38+0000,67.2,175.0,21.9,null,null,null,null,null,null
2022-08-26 10:43:27+0000,66.4,175.0,21.6,16.760355,57.102398,2.8119798,1534.0,52.459145,6.0
2022-08-27 11:09:35+0000,66.55,175.0,21.7,16.998463,56.939056,2.8102467,1536.0,52.42728,6.0
2022-08-28 00:09:35+0000,67.45,175.0,22.0,null,null,null,null,null,null
2022-08-28 12:15:05+0000,66.4,175.0,21.6,17.077826,56.884613,2.8011067,1534.0,52.25922,6.0
2022-08-29 10:47:45+0000,66.75,175.0,21.7,17.100338,56.869167,2.8153014,1539.0,52.52022,6.0
2022-08-30 10:54:27+0000,67.1,175.0,21.9,17.203688,56.79827,2.8266902,1545.0,52.729633,7.0
2022-08-31 03:08:57+0000,66.45,175.0,21.6,null,null,null,null,null,null
2022-08-31 10:39:29+0000,66.05,175.0,21.5,16.67415,57.161533,2.7998893,1529.0,52.236835,6.0
2022-09-01 10:53:51+0000,66.4,175.0,21.6,16.678427,57.1586,2.8147857,1534.0,52.51074,6.0
2022-09-02 11:11:31+0000,66.75,175.0,21.7,17.100338,56.869167,2.8153014,1539.0,52.52022,6.0
2022-09-02 23:13:01+0000,88.85,183.0,26.5,null,null,null,null,null,null
2022-09-02 23:13:55+0000,89.25,183.0,26.6,null,null,null,null,null,null
2022-09-02 23:14:59+0000,89.05,183.0,26.5,27.327192,49.853546,3.2991018,1732.0,61.416035,12.0
2022-09-02 23:19:07+0000,88.9,183.0,26.5,27.258566,49.900623,3.2966259,1729.0,61.37051,12.0
2022-09-03 11:45:45+0000,67.45,175.0,22.0,17.638657,56.49988,2.8265045,1550.0,52.72622,7.0
2022-09-05 10:34:49+0000,67.25,175.0,21.9,17.57989,56.540195,2.820047,1547.0,52.60748,7.0
2022-09-06 01:17:30+0000,68.5,175.0,22.3,null,null,null,null,null,null
2022-09-06 01:18:35+0000,68.1,175.0,22.2,null,null,null,null,null,null
2022-09-06 10:40:52+0000,67.3,175.0,21.9,17.485998,56.604607,2.8254318,1548.0,52.706493,7.0
2022-09-06 22:35:14+0000,88.9,183.0,26.5,null,null,null,null,null,null
2022-09-07 13:07:13+0000,67.3,175.0,21.9,17.485998,56.604607,2.8254318,1548.0,52.706493,7.0
2022-09-07 13:07:14+0000,67.3,175.0,21.9,17.485998,56.604607,2.8254318,1548.0,52.706493,7.0
2022-09-08 01:52:11+0000,68.1,175.0,22.2,null,null,null,null,null,null
2022-09-08 10:31:48+0000,67.25,175.0,21.9,17.215874,56.78991,2.8326735,1547.0,52.839653,7.0
2022-09-09 01:45:44+0000,68.4,175.0,22.3,null,null,null,null,null,null
2022-09-09 10:53:39+0000,67.5,175.0,22.0,17.242777,56.771454,2.842412,1551.0,53.018715,7.0
2022-09-10 11:23:04+0000,67.2,175.0,21.9,17.11737,56.857483,2.8339527,1546.0,52.86317,7.0
2022-09-12 01:04:21+0000,69.05,175.0,22.5,null,null,null,null,null,null
2022-09-12 10:39:30+0000,67.85,175.0,22.1,17.755157,56.419964,2.8394203,1556.0,52.963703,7.0
2022-09-12 22:05:40+0000,67.85,175.0,22.1,null,null,null,null,null,null
2022-09-13 01:10:34+0000,69.2,175.0,22.5,null,null,null,null,null,null
2022-09-13 01:10:59+0000,68.75,175.0,22.4,null,null,null,null,null,null
2022-09-13 10:55:21+0000,67.7,175.0,22.1,17.794495,56.392975,2.8316832,1554.0,52.82144,7.0
2022-09-13 20:51:54+0000,69.3,175.0,22.6,null,null,null,null,null,null
2022-09-13 20:57:53+0000,68.5,175.0,22.3,null,null,null,null,null,null
2022-09-14 10:42:03+0000,67.5,175.0,22.0,17.303223,56.72999,2.8403075,1551.0,52.98002,7.0
2022-09-14 23:45:21+0000,89.3,183.0,26.6,null,null,null,null,null,null
2022-09-15 00:05:15+0000,69.5,175.0,22.6,null,null,null,null,null,null
2022-09-15 05:43:19+0000,68.9,175.0,22.4,null,null,null,null,null,null
2022-09-15 11:08:13+0000,68.4,175.0,22.3,17.900696,56.32012,2.8576176,1564.0,53.29831,7.0
2022-09-15 21:51:47+0000,67.9,175.0,22.1,null,null,null,null,null,null
2022-09-15 22:59:27+0000,88.65,183.0,26.4,null,null,null,null,null,null
2022-09-15 22:59:37+0000,88.65,183.0,26.4,null,null,null,null,null,null
2022-09-15 22:59:50+0000,88.65,183.0,26.4,null,null,null,null,null,null
2022-09-16 04:15:07+0000,68.65,175.0,22.4,null,null,null,null,null,null
2022-09-16 11:20:24+0000,68.1,175.0,22.2,17.420374,56.649624,2.8617854,1560.0,53.37494,7.0
2022-09-16 20:14:05+0000,69.7,175.0,22.7,null,null,null,null,null,null
2022-09-17 11:37:20+0000,68.85,175.0,22.4,18.16888,56.136147,2.8671496,1571.0,53.473576,8.0
2022-09-18 12:40:19+0000,67.4,175.0,22.0,16.88498,57.016903,2.8505821,1549.0,53.16894,7.0
2022-09-18 23:54:19+0000,69.0,175.0,22.5,null,null,null,null,null,null
2022-09-18 23:54:35+0000,68.45,175.0,22.3,null,null,null,null,null,null
2022-09-19 10:48:16+0000,67.85,175.0,22.1,17.654936,56.488712,2.8429277,1556.0,53.0282,7.0
2022-09-20 12:14:55+0000,67.95,175.0,22.1,17.608938,56.520267,2.848787,1557.0,53.135937,7.0
2022-09-21 10:56:56+0000,67.3,175.0,21.9,17.172773,56.819477,2.836305,1548.0,52.90642,7.0
2022-09-22 00:44:27+0000,67.85,175.0,22.1,null,null,null,null,null,null
2022-09-22 11:05:56+0000,66.8,175.0,21.8,17.046822,56.90588,2.8192835,1540.0,52.59344,6.0
2022-09-22 18:01:41+0000,68.5,175.0,22.3,null,null,null,null,null,null
2022-09-23 00:26:20+0000,67.9,175.0,22.1,null,null,null,null,null,null
2022-09-23 00:27:20+0000,67.4,175.0,22.0,null,null,null,null,null,null
2022-09-23 11:01:13+0000,67.4,175.0,22.0,17.338985,56.705456,2.8347988,1549.0,52.878727,7.0
2022-09-23 23:09:32+0000,67.55,175.0,22.0,null,null,null,null,null,null
2022-09-24 12:02:30+0000,67.55,175.0,22.0,17.552149,56.559227,2.8337672,1551.0,52.85976,7.0
2022-09-24 21:42:39+0000,67.9,175.0,22.1,null,null,null,null,null,null
2022-09-25 03:03:35+0000,67.4,175.0,22.0,null,null,null,null,null,null
2022-09-25 12:05:14+0000,66.75,175.0,21.7,16.957716,56.967007,2.820212,1539.0,52.61051,6.0
2022-09-26 00:59:07+0000,69.15,175.0,22.5,null,null,null,null,null,null
2022-09-26 00:59:56+0000,68.95,175.0,22.5,null,null,null,null,null,null
2022-09-26 10:35:48+0000,67.8,175.0,22.1,17.728136,56.4385,2.8382442,1555.0,52.94208,7.0
2022-09-26 21:08:39+0000,68.7,175.0,22.4,null,null,null,null,null,null
2022-09-27 02:05:43+0000,68.9,175.0,22.4,null,null,null,null,null,null
2022-09-27 11:19:05+0000,67.9,175.0,22.1,17.60188,56.525112,2.8469098,1557.0,53.101418,7.0
2022-09-27 23:38:02+0000,69.25,175.0,22.6,null,null,null,null,null,null
2022-09-28 11:06:33+0000,67.6,175.0,22.0,17.5794,56.54053,2.834943,1552.0,52.881382,7.0
2022-09-28 21:09:14+0000,69.2,175.0,22.5,null,null,null,null,null,null
2022-09-28 23:33:20+0000,68.3,175.0,22.3,null,null,null,null,null,null
2022-09-29 01:48:16+0000,70.35,175.0,22.9,null,null,null,null,null,null
2022-09-29 10:50:42+0000,68.4,175.0,22.3,17.910637,56.3133,2.857267,1564.0,53.29186,7.0
2022-09-29 19:10:15+0000,69.45,175.0,22.6,null,null,null,null,null,null
2022-09-29 22:20:05+0000,68.25,175.0,22.2,null,null,null,null,null,null
2022-09-30 10:46:06+0000,68.05,175.0,22.2,17.583067,56.538017,2.8539453,1559.0,53.23078,7.0
2022-09-30 19:48:35+0000,69.4,175.0,22.6,null,null,null,null,null,null
2022-10-02 01:26:27+0000,89.6,183.0,26.7,null,null,null,null,null,null
2022-10-02 20:57:04+0000,69.4,175.0,22.6,null,null,null,null,null,null
2022-10-02 20:59:32+0000,69.2,175.0,22.5,null,null,null,null,null,null
2022-10-02 21:55:32+0000,69.2,175.0,22.5,null,null,null,null,null,null
2022-10-02 22:14:51+0000,68.9,175.0,22.4,null,null,null,null,null,null
2022-10-03 10:54:13+0000,68.45,175.0,22.3,18.026695,56.23369,2.8552861,1565.0,53.255436,7.0
2022-10-04 00:53:40+0000,68.15,175.0,22.2,null,null,null,null,null,null
2022-10-04 02:39:37+0000,69.9,175.0,22.8,null,null,null,null,null,null
2022-10-04 11:13:51+0000,68.15,175.0,22.2,17.836649,56.36406,2.8492823,1560.0,53.145042,7.0
2022-10-05 02:53:51+0000,69.35,175.0,22.6,null,null,null,null,null,null
2022-10-05 10:56:27+0000,68.3,175.0,22.3,17.847258,56.35678,2.8552656,1563.0,53.255062,7.0
2022-10-06 10:52:53+0000,68.65,175.0,22.4,17.89494,56.32407,2.8684082,1568.0,53.496716,7.0
2022-10-07 01:26:37+0000,69.25,175.0,22.6,null,null,null,null,null,null
2022-10-07 01:54:23+0000,69.35,175.0,22.6,null,null,null,null,null,null
2022-10-07 10:29:37+0000,68.4,175.0,22.3,17.87087,56.340584,2.85867,1564.0,53.317654,7.0
2022-10-07 18:20:13+0000,68.9,175.0,22.4,null,null,null,null,null,null
2022-10-07 19:05:28+0000,69.1,175.0,22.5,null,null,null,null,null,null
2022-10-08 01:03:23+0000,69.75,175.0,22.7,null,null,null,null,null,null
2022-10-08 01:03:39+0000,69.2,175.0,22.5,null,null,null,null,null,null
2022-10-08 11:29:57+0000,68.45,175.0,22.3,17.89755,56.32228,2.8598459,1565.0,53.33928,7.0
2022-10-08 11:30:02+0000,68.45,175.0,22.3,17.89755,56.32228,2.8598459,1565.0,53.33928,7.0
2022-10-09 19:53:32+0000,69.85,175.0,22.8,null,null,null,null,null,null
2022-10-09 19:54:58+0000,69.0,175.0,22.5,null,null,null,null,null,null
2022-10-09 23:52:20+0000,69.55,175.0,22.7,null,null,null,null,null,null
2022-10-10 11:10:38+0000,68.9,175.0,22.4,18.362955,56.003014,2.862363,1572.0,53.385563,8.0
2022-10-11 10:29:39+0000,68.65,175.0,22.4,18.152477,56.1474,2.859289,1568.0,53.329037,7.0
2022-10-11 21:15:50+0000,68.65,175.0,22.4,null,null,null,null,null,null
2022-10-12 11:34:27+0000,68.2,175.0,22.2,17.494535,56.598747,2.8634357,1561.0,53.40529,7.0
2022-10-12 22:26:19+0000,69.2,175.0,22.5,null,null,null,null,null,null
2022-10-13 11:14:10+0000,68.35,175.0,22.3,17.635221,56.50224,2.8648596,1563.0,53.431465,7.0
2022-10-14 00:27:10+0000,68.75,175.0,22.4,null,null,null,null,null,null
2022-10-14 10:38:33+0000,68.3,175.0,22.3,17.817389,56.37727,2.856318,1563.0,53.274406,7.0
2022-10-15 11:15:55+0000,68.3,175.0,22.3,17.91695,56.30897,2.8528104,1563.0,53.209915,7.0
2022-10-17 12:04:09+0000,68.4,175.0,22.3,17.781397,56.401962,2.8618267,1564.0,53.375698,7.0
2022-10-18 10:45:13+0000,68.3,175.0,22.3,17.867168,56.34312,2.8545642,1563.0,53.24216,7.0
2022-10-19 01:54:39+0000,69.5,175.0,22.6,null,null,null,null,null,null
2022-10-19 10:28:25+0000,68.05,175.0,22.2,17.832882,56.366642,2.8451767,1559.0,53.06955,7.0
2022-10-20 10:32:11+0000,68.45,175.0,22.3,18.046564,56.22006,2.8545847,1565.0,53.24254,7.0
2022-10-20 17:39:09+0000,69.6,175.0,22.7,null,null,null,null,null,null
2022-10-21 00:11:27+0000,68.6,175.0,22.4,null,null,null,null,null,null
2022-10-21 10:28:45+0000,68.6,175.0,22.4,18.007105,56.247128,2.8623219,1567.0,53.384804,7.0
2022-10-21 23:35:45+0000,69.6,175.0,22.7,null,null,null,null,null,null
2022-10-22 11:18:22+0000,68.95,175.0,22.5,18.398947,55.97832,2.8631883,1572.0,53.400734,8.0
2022-10-23 11:12:04+0000,67.95,175.0,22.1,17.769056,56.410427,2.8431752,1557.0,53.03275,7.0
2022-10-24 01:30:59+0000,69.1,175.0,22.5,null,null,null,null,null,null
2022-10-24 10:41:13+0000,68.6,175.0,22.4,17.848505,56.355927,2.8679338,1567.0,53.48799,7.0
2022-10-25 10:04:24+0000,68.45,175.0,22.3,17.89755,56.32228,2.8598459,1565.0,53.33928,7.0
2022-10-25 18:53:08+0000,69.75,175.0,22.7,null,null,null,null,null,null
2022-10-26 10:35:03+0000,68.3,175.0,22.3,17.568487,56.54802,2.8650866,1563.0,53.43564,7.0
2022-10-26 22:45:20+0000,68.5,175.0,22.3,null,null,null,null,null,null
2022-10-27 10:33:55+0000,68.35,175.0,22.3,17.923737,56.304317,2.854688,1563.0,53.24444,7.0
2022-10-27 21:48:34+0000,69.3,175.0,22.6,null,null,null,null,null,null
2022-10-28 10:26:22+0000,68.25,175.0,22.2,17.710878,56.450336,2.8579478,1562.0,53.30438,7.0
2022-10-29 03:46:26+0000,62.45,160.0,24.3,null,null,null,null,null,null
2022-10-29 11:59:12+0000,68.3,175.0,22.3,17.707872,56.4524,2.860176,1563.0,53.34535,7.0
2022-10-30 13:00:11+0000,69.5,175.0,22.6,17.969604,56.27285,2.9017289,1580.0,54.109398,8.0
2022-10-31 10:47:17+0000,69.4,175.0,22.6,18.122875,56.167706,2.8920112,1579.0,53.930714,8.0
2022-11-01 00:43:42+0000,68.65,175.0,22.4,null,null,null,null,null,null
2022-11-01 10:42:38+0000,68.65,175.0,22.4,18.162382,56.140606,2.8589382,1568.0,53.322586,7.0
2022-11-02 02:24:02+0000,69.95,175.0,22.8,null,null,null,null,null,null
2022-11-02 12:19:31+0000,69.35,175.0,22.6,18.381073,55.990585,2.8806636,1578.0,53.72206,8.0
2022-11-03 00:56:48+0000,70.05,175.0,22.8,null,null,null,null,null,null
2022-11-03 10:33:15+0000,69.25,175.0,22.6,18.36834,55.99932,2.8769085,1577.0,53.653015,8.0
2022-11-03 21:55:35+0000,69.75,175.0,22.7,null,null,null,null,null,null
2022-11-04 10:39:25+0000,68.75,175.0,22.4,18.056837,56.21301,2.866902,1569.0,53.469025,7.0
2022-11-06 17:51:30+0000,69.95,175.0,22.8,null,null,null,null,null,null
2022-11-06 22:38:29+0000,69.75,175.0,22.7,null,null,null,null,null,null
2022-11-07 10:34:01+0000,68.95,175.0,22.5,18.497568,55.910667,2.859681,1572.0,53.336243,8.0
2022-11-08 00:43:23+0000,69.35,175.0,22.6,null,null,null,null,null,null
2022-11-08 10:38:55+0000,68.9,175.0,22.4,18.333347,56.023323,2.8634152,1572.0,53.40491,8.0
2022-11-09 03:12:37+0000,68.35,175.0,22.3,null,null,null,null,null,null
2022-11-09 10:42:24+0000,68.35,175.0,22.3,17.913788,56.311142,2.8550386,1563.0,53.250885,7.0
2022-11-09 23:15:20+0000,69.65,175.0,22.7,null,null,null,null,null,null
2022-11-10 10:58:46+0000,68.85,175.0,22.4,18.16888,56.136147,2.8671496,1571.0,53.473576,8.0
2022-11-10 17:40:09+0000,69.1,175.0,22.5,null,null,null,null,null,null
2022-11-15 23:54:06+0000,68.3,175.0,22.3,null,null,null,null,null,null
2022-11-16 10:39:15+0000,67.8,175.0,22.1,17.4774,56.610504,2.8470128,1555.0,53.103313,7.0
2022-11-16 23:56:08+0000,68.65,175.0,22.4,null,null,null,null,null,null
2022-11-17 10:31:05+0000,68.25,175.0,22.2,17.611246,56.518684,2.8614552,1562.0,53.36887,7.0
2022-11-18 03:07:54+0000,71.1,175.0,23.2,null,null,null,null,null,null
2022-11-18 10:44:30+0000,69.85,175.0,22.8,18.32738,56.027416,2.9036477,1586.0,54.144676,8.0
2022-11-18 10:44:33+0000,69.85,175.0,22.8,18.32738,56.027416,2.9036477,1586.0,54.144676,8.0
2022-11-18 22:01:40+0000,69.85,175.0,22.8,null,null,null,null,null,null
2022-11-19 02:25:19+0000,70.35,175.0,22.9,null,null,null,null,null,null
2022-11-19 12:29:38+0000,68.95,175.0,22.5,18.231289,56.093334,2.8691509,1572.0,53.510372,8.0
2022-11-21 10:25:08+0000,68.95,175.0,22.5,18.221426,56.1001,2.8695016,1572.0,53.516823,8.0
2022-11-21 23:54:12+0000,69.6,175.0,22.7,null,null,null,null,null,null
2022-11-22 12:03:08+0000,68.45,175.0,22.3,17.937288,56.29502,2.8584428,1565.0,53.31348,7.0
2022-11-23 00:30:35+0000,91.45,183.0,27.3,null,null,null,null,null,null
2022-11-23 10:32:06+0000,68.3,175.0,22.3,17.827345,56.37044,2.855967,1563.0,53.26796,7.0
2022-11-24 09:40:32+0000,68.7,175.0,22.4,18.327326,56.027454,2.8552036,1569.0,53.25392,7.0
2022-11-25 10:21:53+0000,68.9,175.0,22.4,18.007658,56.246746,2.8749897,1572.0,53.617737,8.0
2022-11-26 11:22:57+0000,69.05,175.0,22.5,18.401848,55.976334,2.867294,1574.0,53.47623,8.0
2022-11-27 11:45:32+0000,69.75,175.0,22.7,18.51939,55.8957,2.892527,1584.0,53.940197,8.0
2022-11-28 09:58:27+0000,69.75,175.0,22.7,18.86061,55.66162,2.880251,1584.0,53.714474,8.0
2022-11-28 21:04:17+0000,69.6,175.0,22.7,null,null,null,null,null,null
2022-11-29 10:17:20+0000,68.9,175.0,22.4,18.520864,55.894688,2.8567512,1572.0,53.282375,8.0
2022-11-30 00:10:33+0000,69.25,175.0,22.6,null,null,null,null,null,null
2022-11-30 10:42:42+0000,68.8,175.0,22.4,18.19197,56.120308,2.86422,1570.0,53.419704,7.0
2022-11-30 16:35:05+0000,69.65,175.0,22.7,null,null,null,null,null,null
2022-12-01 10:14:00+0000,68.05,175.0,22.2,17.892838,56.325512,2.8430722,1559.0,53.030853,7.0
2022-12-02 10:23:43+0000,68.3,175.0,22.3,17.946817,56.288483,2.8517582,1563.0,53.190567,7.0
2022-12-02 10:24:43+0000,68.3,175.0,22.3,17.936861,56.295315,2.852109,1563.0,53.197018,7.0
2022-12-03 11:46:53+0000,68.45,175.0,22.3,17.837946,56.36317,2.8619504,1565.0,53.377975,7.0
2022-12-04 15:48:18+0000,69.05,175.0,22.5,17.82082,56.374916,2.887988,1574.0,53.85674,8.0
2022-12-04 22:39:08+0000,69.2,175.0,22.5,null,null,null,null,null,null
2022-12-05 10:04:47+0000,68.65,175.0,22.4,17.95437,56.283302,2.8663037,1568.0,53.458023,7.0
2022-12-08 10:24:27+0000,69.0,175.0,22.5,17.951992,56.28493,2.8812,1573.0,53.731926,8.0
2022-12-09 10:17:07+0000,67.9,175.0,22.1,17.58185,56.538853,2.8476112,1557.0,53.114315,7.0
2022-12-10 11:27:17+0000,68.35,175.0,22.3,18.053072,56.21559,2.8501282,1563.0,53.160595,7.0
2022-12-10 23:40:50+0000,69.65,175.0,22.7,null,null,null,null,null,null
2022-12-11 12:07:13+0000,68.35,175.0,22.3,18.092867,56.188293,2.8487253,1563.0,53.1348,7.0
2022-12-11 14:01:44+0000,92.05,183.0,27.4,null,null,null,null,null,null
2022-12-12 10:35:14+0000,68.2,175.0,22.2,17.933245,56.297794,2.8480031,1561.0,53.12152,7.0
2022-12-13 10:29:56+0000,68.65,175.0,22.4,18.172289,56.133812,2.8585875,1568.0,53.31614,7.0
2022-12-14 10:32:11+0000,68.5,175.0,22.3,18.172373,56.13375,2.8522534,1566.0,53.199673,7.0
2022-12-15 10:28:14+0000,68.35,175.0,22.3,18.162508,56.14052,2.84627,1563.0,53.089653,7.0
2022-12-16 10:43:51+0000,69.35,175.0,22.6,18.577179,55.856056,2.8736486,1578.0,53.593075,8.0
2022-12-17 18:57:02+0000,70.3,175.0,22.9,null,null,null,null,null,null
2022-12-18 11:28:37+0000,69.2,175.0,22.5,18.538834,55.88236,2.8687177,1576.0,53.502407,8.0
2022-12-19 00:37:01+0000,70.35,175.0,22.9,null,null,null,null,null,null
2022-12-19 10:18:05+0000,69.4,175.0,22.6,18.77936,55.717358,2.8685114,1579.0,53.498615,8.0
2022-12-20 00:58:01+0000,70.95,175.0,23.1,null,null,null,null,null,null
2022-12-20 10:32:34+0000,70.35,175.0,22.9,19.308706,55.35423,2.889102,1593.0,53.877224,9.0
2022-12-21 01:11:00+0000,70.75,175.0,23.1,null,null,null,null,null,null
2022-12-21 10:17:20+0000,70.35,175.0,22.9,19.173382,55.44706,2.8940125,1593.0,53.96751,9.0
2022-12-22 10:28:06+0000,69.45,175.0,22.6,18.697298,55.773655,2.8735454,1580.0,53.59118,8.0
2022-12-23 01:00:52+0000,70.2,175.0,22.9,null,null,null,null,null,null
2022-12-23 10:36:28+0000,69.15,175.0,22.5,18.424404,55.960857,2.8706985,1575.0,53.538826,8.0
2022-12-23 17:22:08+0000,70.1,175.0,22.8,null,null,null,null,null,null
2022-12-24 10:07:50+0000,69.3,175.0,22.6,18.541525,55.880516,2.8728235,1577.0,53.577904,8.0
2023-01-05 13:58:17+0000,71.5,175.0,23.3,19.996748,54.88223,2.911591,1610.0,54.290733,9.0
2023-01-06 12:47:14+0000,71.2,175.0,23.2,19.794485,55.020985,2.9066393,1606.0,54.199684,9.0
2023-01-07 12:51:54+0000,71.55,175.0,23.3,19.963768,54.904854,2.9148715,1611.0,54.351055,9.0
2023-01-08 11:24:25+0000,71.9,175.0,23.4,20.197601,54.744446,2.9206486,1616.0,54.457275,9.0
2023-01-08 18:47:40+0000,78.85,183.0,23.5,23.525763,52.461327,3.0713658,1364.0,57.22857,15.0
2023-01-09 11:05:39+0000,70.9,175.0,23.1,19.705608,55.081955,2.8974788,1601.0,54.031246,9.0
2023-01-10 11:21:12+0000,71.2,176.0,22.9,19.290644,55.36662,2.9251428,1605.0,54.539917,9.0
2023-01-11 10:32:58+0000,70.7,176.0,22.8,19.27318,55.378597,2.9049647,1598.0,54.168896,9.0
2023-01-12 10:40:12+0000,71.0,176.0,22.9,19.412027,55.283348,2.9123716,1602.0,54.305088,9.0
2023-01-13 10:31:26+0000,71.6,176.0,23.1,19.714718,55.075703,2.9261332,1611.0,54.55813,9.0
2023-01-14 11:59:52+0000,71.5,176.0,23.0,19.647188,55.12203,2.9244826,1610.0,54.52778,9.0
2023-01-15 11:21:02+0000,71.5,176.0,23.0,19.637678,55.128555,2.9248333,1610.0,54.53423,9.0
2023-01-16 10:58:57+0000,71.4,176.0,23.0,19.655659,55.11622,2.9200263,1608.0,54.445835,9.0
2023-01-17 10:43:39+0000,71.1,176.0,22.9,19.317776,55.348007,2.9199848,1604.0,54.445076,9.0
2023-01-18 01:29:22+0000,72.4,176.0,23.3,null,null,null,null,null,null
2023-01-18 10:31:09+0000,71.5,176.0,23.0,19.618656,55.1416,2.925535,1610.0,54.547127,9.0
2023-01-19 10:25:30+0000,71.6,176.0,23.1,19.610249,55.14737,2.9299915,1611.0,54.62907,9.0
2023-01-20 10:32:57+0000,71.85,176.0,23.1,19.740763,55.057835,2.9355206,1615.0,54.73074,9.0
2023-01-23 10:22:16+0000,72.65,176.0,23.4,19.879065,54.962963,2.9634566,1627.0,55.244404,9.0
2023-01-26 11:18:30+0000,71.2,176.0,22.9,19.500755,55.22248,2.9174266,1605.0,54.398033,9.0
2023-01-27 10:23:36+0000,71.1,176.0,22.9,19.576004,55.17086,2.9105148,1604.0,54.270947,9.0
2023-01-28 10:16:49+0000,70.85,176.0,22.8,19.405136,55.28808,2.9063883,1600.0,54.195072,9.0
2023-01-29 10:47:58+0000,71.05,176.0,22.9,19.532358,55.2008,2.9100404,1603.0,54.262222,9.0
2023-01-30 10:16:31+0000,71.45,176.0,23.0,19.74659,55.05384,2.918747,1609.0,54.422314,9.0
2023-01-31 10:23:43+0000,71.7,176.0,23.1,19.914837,54.938423,2.9228733,1613.0,54.498188,9.0
2023-02-01 10:10:48+0000,71.9,176.0,23.2,19.925646,54.931007,2.9307342,1616.0,54.642727,9.0
2023-02-02 10:09:42+0000,71.5,176.0,23.0,19.552082,55.18727,2.9279902,1610.0,54.59227,9.0
2023-02-02 10:45:19+0000,70.25,176.0,22.6,22.44575,53.202217,2.7712693,1591.0,51.71059,8.0
2023-02-03 10:06:40+0000,71.7,176.0,23.1,19.497541,55.224686,2.938306,1613.0,54.78195,9.0
2023-02-04 11:14:37+0000,71.7,176.0,23.1,19.725157,55.068542,2.9298882,1613.0,54.62717,9.0
2023-02-05 12:13:00+0000,71.7,176.0,23.1,19.725157,55.068542,2.9298882,1613.0,54.62717,9.0
2023-02-06 01:54:22+0000,72.65,176.0,23.4,null,null,null,null,null,null
2023-02-07 19:44:31+0000,71.7,176.0,23.1,null,null,null,null,null,null
2023-02-08 01:21:12+0000,94.7,183.0,28.2,null,null,null,null,null,null
2023-02-08 10:11:47+0000,70.75,176.0,22.8,19.211504,55.42091,2.9092975,1598.0,54.24856,9.0
2023-02-08 23:57:45+0000,81.5,183.0,24.3,null,null,null,null,null,null
2023-02-09 10:37:13+0000,70.35,176.0,22.7,18.972763,55.584686,2.9012923,1592.0,54.101368,8.0
2023-02-09 21:27:39+0000,70.35,176.0,22.7,null,null,null,null,null,null
2023-02-09 21:27:53+0000,72.2,176.0,23.3,null,null,null,null,null,null
2023-02-10 10:35:23+0000,70.5,176.0,22.7,18.999914,55.56606,2.906574,1595.0,54.198486,8.0
2023-02-11 04:06:27+0000,71.8,176.0,23.1,null,null,null,null,null,null
2023-02-11 10:44:41+0000,70.6,176.0,22.7,18.91521,55.624165,2.9138365,1596.0,54.332024,8.0
2023-02-13 11:04:16+0000,69.2,176.0,22.3,18.33488,56.02227,2.8759973,1575.0,53.63626,7.0
2023-02-14 10:34:51+0000,69.95,176.0,22.5,18.527145,55.890377,2.9006526,1586.0,54.089607,8.0
2023-02-15 10:24:06+0000,70.6,176.0,22.7,18.91521,55.624165,2.9138365,1596.0,54.332024,8.0
2023-02-15 20:25:26+0000,71.3,176.0,23.0,null,null,null,null,null,null
2023-02-16 10:29:38+0000,69.85,176.0,22.5,18.485523,55.91893,2.89795,1585.0,54.03991,8.0
2023-02-22 10:37:07+0000,68.65,176.0,22.1,17.917173,56.30882,2.867621,1567.0,53.48224,7.0
2023-02-23 12:58:28+0000,69.05,176.0,22.2,18.059582,56.21113,2.8794844,1573.0,53.70038,7.0
2023-02-24 10:24:51+0000,69.7,176.0,22.5,18.31067,56.03888,2.8979292,1583.0,54.03953,8.0
2023-02-28 10:25:38+0000,70.5,176.0,22.7,19.057787,55.52636,2.9044697,1595.0,54.15979,8.0
2023-03-01 08:30:21+0000,70.0,176.0,22.5,18.717913,55.75951,2.8958662,1587.0,54.001595,8.0
2023-03-05 12:47:49+0000,69.65,176.0,22.4,18.314056,56.036556,2.8957012,1582.0,53.99856,8.0
2023-03-06 10:38:29+0000,70.4,176.0,22.7,18.872358,55.65356,2.907028,1593.0,54.206833,8.0
2023-03-07 10:38:41+0000,70.1,176.0,22.6,18.807615,55.697975,2.896815,1589.0,54.019047,8.0
2023-03-08 10:31:36+0000,70.1,176.0,22.6,18.797915,55.70463,2.8971658,1589.0,54.025494,8.0
2023-03-08 10:32:02+0000,70.1,176.0,22.6,18.797915,55.70463,2.8971658,1589.0,54.025494,8.0
2023-03-09 10:36:52+0000,70.1,176.0,22.6,18.759113,55.731247,2.8985689,1589.0,54.051292,8.0
2023-03-10 10:27:24+0000,70.5,176.0,22.7,19.019205,55.552826,2.9058726,1595.0,54.18559,8.0
2023-03-10 10:27:46+0000,70.5,176.0,22.7,19.019205,55.552826,2.9058726,1595.0,54.18559,8.0
2023-03-10 14:24:18+0000,70.75,176.0,22.8,null,null,null,null,null,null
2023-03-11 11:38:01+0000,70.85,176.0,22.8,19.193985,55.432926,2.9141047,1600.0,54.336956,9.0
2023-03-12 00:53:25+0000,71.05,176.0,22.9,null,null,null,null,null,null
2023-03-12 02:00:17+0000,71.05,176.0,22.9,null,null,null,null,null,null
2023-03-12 11:55:54+0000,69.95,176.0,22.5,18.857666,55.66364,2.8887274,1586.0,53.87033,8.0
2023-03-13 10:20:30+0000,71.2,176.0,22.9,19.338396,55.333862,2.9233892,1605.0,54.50767,9.0
2023-03-13 20:26:30+0000,71.75,176.0,23.1,null,null,null,null,null,null
2023-03-13 22:57:30+0000,71.55,176.0,23.0,null,null,null,null,null,null
2023-03-14 10:22:39+0000,70.9,176.0,22.8,null,null,null,null,null,null
2023-03-14 10:22:54+0000,70.9,176.0,22.8,19.007814,55.56064,2.9229972,1601.0,54.500465,9.0
2023-03-15 10:38:27+0000,71.25,176.0,23.0,19.334372,55.33662,2.9256175,1606.0,54.548645,9.0
2023-03-15 16:38:24+0000,71.75,176.0,23.1,null,null,null,null,null,null
2023-03-15 23:40:18+0000,71.25,176.0,23.0,null,null,null,null,null,null
2023-03-16 01:55:42+0000,71.95,176.0,23.2,null,null,null,null,null,null
2023-03-16 10:25:46+0000,70.6,176.0,22.7,18.924843,55.617558,2.9134858,1596.0,54.325573,8.0
2023-03-16 19:56:01+0000,72.4,176.0,23.3,null,null,null,null,null,null
2023-03-17 00:56:08+0000,72.2,176.0,23.3,null,null,null,null,null,null
2023-03-17 01:05:29+0000,71.8,176.0,23.1,null,null,null,null,null,null
2023-03-17 10:48:44+0000,71.1,176.0,22.9,19.011728,55.557953,2.9312086,1604.0,54.65145,9.0
2023-03-19 13:58:56+0000,69.85,176.0,22.5,18.164265,56.139317,2.9095244,1585.0,54.252735,8.0
2023-03-20 10:29:42+0000,70.2,176.0,22.6,18.829256,55.683132,2.9002194,1590.0,54.081642,8.0
2023-03-20 23:50:39+0000,72.05,176.0,23.2,null,null,null,null,null,null
2023-03-20 23:50:50+0000,71.85,176.0,23.1,null,null,null,null,null,null
2023-03-21 01:36:25+0000,72.15,176.0,23.2,null,null,null,null,null,null
2023-03-21 01:37:19+0000,71.7,176.0,23.1,null,null,null,null,null,null
2023-03-21 10:24:15+0000,70.8,176.0,22.8,19.188334,55.436802,2.9122274,1599.0,54.302433,9.0
2023-03-21 20:34:23+0000,71.6,176.0,23.1,null,null,null,null,null,null
2023-03-22 01:47:26+0000,71.45,176.0,23.0,null,null,null,null,null,null
2023-03-22 10:24:54+0000,70.1,176.0,22.6,18.681509,55.784485,2.9013748,1589.0,54.102886,8.0
2023-03-23 00:34:43+0000,71.4,176.0,23.0,null,null,null,null,null,null
2023-03-23 10:39:34+0000,70.4,176.0,22.7,18.968948,55.5873,2.9035206,1593.0,54.14234,8.0
2023-03-24 00:17:38+0000,70.9,176.0,22.8,null,null,null,null,null,null
2023-03-24 10:49:02+0000,70.7,176.0,22.8,19.225088,55.41159,2.9067185,1598.0,54.20114,9.0
2023-03-25 12:09:28+0000,70.9,176.0,22.8,19.343498,55.33036,2.910721,1601.0,54.27474,9.0
2023-03-25 21:45:59+0000,71.4,176.0,23.0,null,null,null,null,null,null
2023-03-26 11:53:48+0000,70.5,176.0,22.7,18.951687,55.599144,2.9083278,1595.0,54.230732,8.0
2023-03-26 22:41:15+0000,71.5,176.0,23.0,null,null,null,null,null,null
2023-03-26 23:44:53+0000,71.5,176.0,23.0,null,null,null,null,null,null
2023-03-27 10:20:48+0000,70.9,176.0,22.8,19.046177,55.53432,2.9215941,1601.0,54.474667,9.0
2023-03-27 14:10:07+0000,70.9,176.0,22.8,null,null,null,null,null,null
2023-03-27 23:27:05+0000,70.6,176.0,22.7,null,null,null,null,null,null
2023-03-28 00:53:30+0000,71.55,176.0,23.0,null,null,null,null,null,null
2023-03-28 02:18:24+0000,71.4,176.0,23.0,null,null,null,null,null,null
2023-03-28 10:22:00+0000,70.65,176.0,22.8,19.036575,55.54091,2.9115052,1597.0,54.289158,9.0
2023-03-28 23:11:49+0000,71.55,176.0,23.0,null,null,null,null,null,null
2023-03-29 01:47:22+0000,71.95,176.0,23.2,null,null,null,null,null,null
2023-03-29 10:23:51+0000,70.9,176.0,22.8,19.026997,55.54748,2.9222958,1601.0,54.487564,9.0
2023-03-30 02:02:52+0000,71.3,176.0,23.0,null,null,null,null,null,null
2023-03-30 10:23:58+0000,70.45,176.0,22.7,19.052006,55.530323,2.9025922,1594.0,54.125267,8.0
2023-03-31 10:24:14+0000,70.85,176.0,22.8,19.145996,55.465847,2.9158585,1600.0,54.3692,9.0
2023-03-31 10:24:34+0000,70.85,176.0,22.8,19.145996,55.465847,2.9158585,1600.0,54.3692,9.0
2023-03-31 14:33:50+0000,71.15,176.0,22.9,null,null,null,null,null,null
2023-04-01 01:18:14+0000,71.85,176.0,23.1,null,null,null,null,null,null
2023-04-01 11:49:25+0000,70.85,176.0,22.8,19.165192,55.45268,2.915157,1600.0,54.356304,9.0
2023-04-02 02:38:18+0000,70.7,176.0,22.8,null,null,null,null,null,null
2023-04-02 12:22:53+0000,70.7,176.0,22.8,19.042345,55.536953,2.9133825,1598.0,54.323677,9.0
2023-04-03 10:56:52+0000,71.15,176.0,22.9,19.189514,55.435993,2.9267728,1604.0,54.56989,9.0
2023-04-03 23:35:46+0000,71.55,176.0,23.0,null,null,null,null,null,null
2023-04-04 10:22:12+0000,71.0,176.0,22.9,19.009773,55.559296,2.927103,1602.0,54.57596,9.0
2023-04-05 10:33:09+0000,71.0,176.0,22.9,19.153435,55.460743,2.9218419,1602.0,54.479218,9.0
2023-04-06 01:37:09+0000,71.1,176.0,22.9,null,null,null,null,null,null
2023-04-06 10:27:20+0000,70.55,176.0,22.7,18.957535,55.59513,2.9102054,1595.0,54.265255,8.0
2023-04-06 10:27:50+0000,70.55,176.0,22.7,18.957535,55.59513,2.9102054,1595.0,54.265255,8.0
2023-04-06 14:19:52+0000,70.55,176.0,22.7,null,null,null,null,null,null
2023-04-06 20:09:03+0000,71.75,176.0,23.1,null,null,null,null,null,null
2023-04-07 00:39:01+0000,70.7,176.0,22.8,null,null,null,null,null,null
2023-04-07 12:02:25+0000,71.2,176.0,22.9,19.24289,55.399376,2.9268966,1605.0,54.572163,9.0
2023-04-07 15:14:50+0000,71.0,176.0,22.9,null,null,null,null,null,null
2023-04-10 01:35:18+0000,72.0,176.0,23.2,null,null,null,null,null,null
2023-04-10 10:01:22+0000,70.9,176.0,22.8,18.911903,55.626434,2.9265046,1601.0,54.564957,9.0
2023-04-13 16:00:15+0000,72.55,176.0,23.4,null,null,null,null,null,null
2023-04-14 00:17:36+0000,71.8,176.0,23.1,null,null,null,null,null,null
2023-04-14 10:33:55+0000,71.8,176.0,23.1,19.489332,55.230316,2.9427626,1614.0,54.8639,9.0
2023-04-15 00:08:46+0000,71.65,176.0,23.1,null,null,null,null,null,null
2023-04-15 12:38:25+0000,71.25,176.0,23.0,19.124407,55.480656,2.9333339,1606.0,54.69053,9.0
2023-04-16 06:56:00+0000,96.5,183.0,28.8,null,null,null,null,null,null
2023-04-17 10:27:06+0000,72.35,176.0,23.3,19.74532,55.05471,2.9560497,1622.0,55.10821,9.0
2023-04-18 01:45:29+0000,72.7,176.0,23.4,null,null,null,null,null,null
2023-04-18 10:22:34+0000,71.85,176.0,23.1,19.797548,55.018883,2.9334164,1615.0,54.692043,9.0
2023-04-19 00:59:24+0000,71.55,176.0,23.0,null,null,null,null,null,null
2023-04-19 10:32:18+0000,71.25,176.0,23.0,19.649319,55.120567,2.914043,1606.0,54.33582,9.0
2023-04-19 17:43:47+0000,72.3,176.0,23.3,null,null,null,null,null,null
2023-04-19 22:30:11+0000,71.95,176.0,23.2,null,null,null,null,null,null
2023-04-20 10:34:36+0000,71.7,176.0,23.1,19.677738,55.10107,2.9316418,1613.0,54.659416,9.0
2023-04-20 16:09:27+0000,72.2,176.0,23.3,null,null,null,null,null,null
2023-04-21 01:37:56+0000,73.45,176.0,23.7,null,null,null,null,null,null
2023-04-21 02:43:56+0000,73.2,176.0,23.6,null,null,null,null,null,null
2023-04-21 02:44:14+0000,73.0,176.0,23.5,null,null,null,null,null,null
2023-04-21 12:03:31+0000,71.85,176.0,23.1,19.769156,55.03836,2.9344685,1615.0,54.71139,9.0
2023-04-22 11:26:47+0000,71.85,176.0,23.1,19.5988,55.155224,2.9407818,1615.0,54.827477,9.0
2023-04-23 00:56:35+0000,73.55,176.0,23.7,null,null,null,null,null,null
2023-04-23 00:57:50+0000,73.35,176.0,23.6,null,null,null,null,null,null
2023-04-23 12:35:05+0000,72.05,176.0,23.2,19.685968,55.095425,2.9458368,1618.0,54.920425,9.0
2023-04-23 17:03:25+0000,73.6,176.0,23.7,null,null,null,null,null,null
2023-04-24 16:09:18+0000,69.65,176.0,22.4,18.001637,56.250877,2.906925,1582.0,54.204937,8.0
2023-04-25 10:30:24+0000,69.4,176.0,22.4,18.14487,56.15262,2.891224,1578.0,53.916237,8.0
2023-04-25 21:40:46+0000,70.6,176.0,22.7,null,null,null,null,null,null
2023-04-26 10:32:40+0000,69.95,176.0,22.5,18.381327,55.99041,2.9059138,1586.0,54.186344,8.0
2023-04-27 10:41:32+0000,69.5,176.0,22.4,18.216602,56.10341,2.8928745,1580.0,53.946587,8.0
2023-04-28 10:29:09+0000,69.65,176.0,22.4,18.255478,56.076744,2.8978055,1582.0,54.037254,8.0
2023-05-01 11:43:09+0000,69.1,176.0,22.3,17.957943,56.28085,2.88522,1574.0,53.80584,7.0
2023-05-01 16:55:02+0000,70.65,176.0,22.8,null,null,null,null,null,null
2023-05-02 11:10:30+0000,70.5,176.0,22.7,18.65268,55.80426,2.919201,1595.0,54.43066,8.0
2023-05-02 11:10:57+0000,70.5,176.0,22.7,18.65268,55.80426,2.919201,1595.0,54.43066,8.0
2023-05-03 10:45:16+0000,69.85,176.0,22.5,18.466053,55.93229,2.8986514,1585.0,54.05281,8.0
2023-05-03 18:55:46+0000,70.95,176.0,22.9,null,null,null,null,null,null
2023-05-04 10:38:49+0000,70.5,176.0,22.7,18.884169,55.64546,2.910783,1595.0,54.27588,8.0
2023-05-05 00:24:45+0000,70.8,176.0,22.8,null,null,null,null,null,null
2023-05-05 01:32:50+0000,71.55,176.0,23.0,null,null,null,null,null,null
2023-05-05 10:41:38+0000,70.4,176.0,22.7,18.737131,55.74633,2.9119384,1593.0,54.297123,8.0
2023-05-05 16:50:58+0000,70.85,176.0,22.8,null,null,null,null,null,null
2023-05-05 19:29:22+0000,71.3,176.0,23.0,null,null,null,null,null,null
2023-05-06 17:20:50+0000,70.05,176.0,22.6,17.957088,56.281437,2.9254525,1588.0,54.54561,8.0
2023-05-08 10:29:47+0000,70.6,176.0,22.7,18.876684,55.650597,2.9152396,1596.0,54.357822,8.0
2023-05-09 10:54:15+0000,69.45,176.0,22.4,18.327627,56.02725,2.886788,1579.0,53.83467,8.0
2023-05-10 19:27:30+0000,71.7,176.0,23.1,null,null,null,null,null,null
2023-05-12 11:08:16+0000,69.4,176.0,22.4,18.507406,55.90392,2.8782463,1578.0,53.677616,8.0
2023-05-13 13:14:40+0000,69.75,176.0,22.5,18.336544,56.02113,2.8991053,1583.0,54.061157,8.0
2023-05-15 10:37:05+0000,69.75,176.0,22.5,18.424286,55.96094,2.8959486,1583.0,54.003113,8.0
2023-05-15 10:37:12+0000,69.85,176.0,22.5,null,null,null,null,null,null
2023-05-16 10:45:30+0000,69.55,176.0,22.4,18.389275,55.98496,2.8887894,1580.0,53.87147,8.0
2023-05-17 10:28:12+0000,69.55,176.0,22.4,18.43816,55.951424,2.8870356,1580.0,53.839226,8.0
2023-05-18 10:36:35+0000,70.25,176.0,22.6,18.844896,55.6724,2.9017463,1591.0,54.109715,8.0
2023-05-18 10:36:56+0000,70.25,176.0,22.6,18.844896,55.6724,2.9017463,1591.0,54.109715,8.0
2023-05-19 09:50:56+0000,70.05,176.0,22.6,18.636604,55.81529,2.9009004,1588.0,54.094162,8.0
2023-05-19 09:51:15+0000,70.05,176.0,22.6,18.636604,55.81529,2.9009004,1588.0,54.094162,8.0
2023-05-20 10:58:59+0000,70.25,176.0,22.6,18.69002,55.778645,2.9073582,1591.0,54.212902,8.0
2023-05-22 11:31:31+0000,69.75,176.0,22.5,18.03432,56.228455,2.9099784,1583.0,54.26108,8.0
2023-05-23 10:24:45+0000,70.35,176.0,22.7,18.721447,55.757088,2.9104116,1592.0,54.269047,8.0
2023-05-24 10:35:34+0000,70.5,176.0,22.7,18.768425,55.72486,2.9149919,1595.0,54.353268,8.0
2023-05-25 11:04:08+0000,71.3,176.0,23.0,19.215906,55.41789,2.9320548,1607.0,54.667007,9.0
2023-05-26 11:14:15+0000,71.0,176.0,22.9,19.220478,55.414753,2.9193866,1602.0,54.434074,9.0
2023-05-27 11:22:46+0000,70.7,176.0,22.8,19.080816,55.51056,2.9119797,1598.0,54.297882,9.0
2023-05-29 10:28:14+0000,70.95,176.0,22.9,19.205269,55.425186,2.9178598,1601.0,54.406,9.0
2023-06-01 10:45:36+0000,71.05,176.0,22.9,19.321522,55.345436,2.917767,1594.0,54.404293,9.0
2023-06-01 10:45:54+0000,71.05,176.0,22.9,19.321522,55.345436,2.917767,1594.0,54.404293,9.0
2023-06-02 10:47:04+0000,71.05,176.0,22.9,19.216244,55.417656,2.9216251,1594.0,54.475235,9.0
2023-06-03 08:13:31+0000,70.65,176.0,22.8,19.103666,55.494884,2.9090602,1588.0,54.2442,9.0
2023-06-03 08:13:45+0000,70.65,176.0,22.8,19.103666,55.494884,2.9090602,1588.0,54.2442,9.0
2023-06-03 14:18:41+0000,69.65,176.0,22.4,null,null,null,null,null,null
2023-06-04 15:16:03+0000,69.8,176.0,22.5,18.332867,56.023655,2.9013438,1575.0,54.102318,8.0
2023-06-04 22:02:36+0000,70.65,176.0,22.8,null,null,null,null,null,null
2023-06-05 10:21:47+0000,70.1,176.0,22.6,18.535719,55.8845,2.9066463,1580.0,54.199814,8.0
2023-06-05 23:04:46+0000,70.55,176.0,22.7,null,null,null,null,null,null
2023-06-06 10:17:12+0000,70.35,176.0,22.7,18.914482,55.624664,2.903407,1583.0,54.140255,8.0
2023-06-07 00:12:44+0000,71.35,176.0,23.0,null,null,null,null,null,null
2023-06-07 00:45:59+0000,71.75,176.0,23.1,null,null,null,null,null,null
2023-06-07 10:32:58+0000,70.45,176.0,22.7,18.945547,55.603355,2.9064605,1585.0,54.1964,8.0
2023-06-08 02:01:23+0000,71.25,176.0,23.0,null,null,null,null,null,null
2023-06-08 11:26:16+0000,70.3,176.0,22.6,18.850555,55.668518,2.903634,1583.0,54.14443,8.0
2023-06-09 03:36:59+0000,71.0,176.0,22.9,null,null,null,null,null,null
2023-06-09 14:08:55+0000,69.85,176.0,22.5,18.426826,55.959198,2.9000647,1576.0,54.078796,8.0
2023-06-11 22:52:25+0000,71.65,176.0,23.1,null,null,null,null,null,null
2023-06-12 11:13:24+0000,71.25,176.0,23.0,19.286371,55.36955,2.9273815,1597.0,54.581078,9.0
2023-06-13 09:47:26+0000,70.75,176.0,22.8,19.163164,55.454067,2.9110615,1589.0,54.281,9.0
2023-06-14 11:20:01+0000,71.35,176.0,23.0,19.46901,55.24426,2.924823,1598.0,54.53404,9.0
2023-06-14 23:17:39+0000,71.45,176.0,23.0,null,null,null,null,null,null
2023-06-15 11:13:10+0000,71.15,176.0,22.9,19.59064,55.16082,2.912052,1595.0,54.29921,9.0
2023-06-16 11:31:43+0000,70.55,176.0,22.7,19.072914,55.51598,2.9060068,1586.0,54.188053,8.0
2023-06-16 11:31:47+0000,70.55,176.0,22.7,19.072914,55.51598,2.9060068,1586.0,54.188053,8.0
2023-06-17 11:55:29+0000,70.7,176.0,22.8,19.138243,55.471165,2.9098854,1589.0,54.259373,9.0
2023-06-18 12:18:43+0000,72.1,176.0,23.2,19.813507,55.007935,2.9431648,1610.0,54.871296,9.0
2023-06-18 12:25:51+0000,71.9,176.0,23.2,null,null,null,null,null,null
2023-06-19 10:23:15+0000,71.7,176.0,23.1,19.762814,55.04271,2.9284956,1604.0,54.601562,9.0
2023-06-20 00:49:26+0000,72.5,176.0,23.4,null,null,null,null,null,null
2023-06-20 11:19:16+0000,71.5,176.0,23.0,19.722992,55.070026,2.9216871,1601.0,54.476376,9.0
2023-06-21 10:32:47+0000,71.4,176.0,23.0,19.645855,55.122944,2.9203873,1599.0,54.452473,9.0
2023-06-21 10:33:08+0000,71.4,176.0,23.0,19.645855,55.122944,2.9203873,1599.0,54.452473,9.0
2023-06-22 12:08:20+0000,71.5,176.0,23.0,19.913202,54.939545,2.9146721,1601.0,54.34739,9.0
2023-06-23 10:55:47+0000,71.8,176.0,23.1,19.744764,55.05509,2.9333029,1605.0,54.68996,9.0
2023-06-24 12:53:03+0000,71.8,176.0,23.1,19.735294,55.06159,2.9336536,1605.0,54.696407,9.0
2023-06-26 00:22:32+0000,73.15,176.0,23.6,null,null,null,null,null,null
2023-06-26 10:33:29+0000,71.85,176.0,23.1,19.73102,55.064518,2.9358819,1606.0,54.737377,9.0
2023-06-26 19:56:28+0000,72.2,176.0,23.3,null,null,null,null,null,null
2023-06-27 10:31:19+0000,71.45,176.0,23.0,19.755827,55.047504,2.9184065,1600.0,54.416054,9.0
2023-06-27 22:44:33+0000,72.55,176.0,23.4,null,null,null,null,null,null
2023-06-28 10:34:02+0000,72.1,176.0,23.2,19.917252,54.936764,2.9393067,1610.0,54.800354,9.0
2023-06-30 10:57:17+0000,72.3,176.0,23.3,19.927996,54.929394,2.9471676,1613.0,54.944893,9.0
2023-07-01 12:58:15+0000,71.2,176.0,22.9,19.481373,55.23578,2.9181383,1596.0,54.41112,9.0
2023-07-02 12:09:24+0000,72.35,176.0,23.3,19.98941,54.887264,2.9469407,1613.0,54.94072,9.0
2023-07-03 11:00:41+0000,72.35,176.0,23.3,20.0646,54.835686,2.9441347,1613.0,54.889126,9.0
2023-07-04 10:40:56+0000,71.95,176.0,23.2,19.788656,55.024982,2.9378831,1607.0,54.774178,9.0
2023-07-04 20:23:33+0000,72.65,176.0,23.4,null,null,null,null,null,null
2023-07-05 10:37:08+0000,71.85,176.0,23.1,19.920303,54.934673,2.9288669,1606.0,54.608395,9.0
2023-07-05 21:19:43+0000,72.75,176.0,23.4,null,null,null,null,null,null
2023-07-05 22:59:56+0000,72.25,176.0,23.3,null,null,null,null,null,null
2023-07-05 23:08:38+0000,72.35,176.0,23.3,null,null,null,null,null,null
2023-07-06 01:54:01+0000,73.25,176.0,23.6,null,null,null,null,null,null
2023-07-06 11:32:14+0000,71.75,176.0,23.1,19.739567,55.05866,2.9314253,1604.0,54.655434,9.0
2023-07-07 10:40:15+0000,71.4,176.0,23.0,19.626806,55.13601,2.9210887,1599.0,54.465374,9.0
2023-07-07 15:22:56+0000,72.15,176.0,23.2,null,null,null,null,null,null
2023-07-07 18:10:47+0000,72.85,176.0,23.5,null,null,null,null,null,null
2023-07-07 23:43:42+0000,72.95,176.0,23.5,null,null,null,null,null,null
2023-07-07 23:53:02+0000,72.4,176.0,23.3,null,null,null,null,null,null
2023-07-08 12:22:09+0000,72.1,176.0,23.2,20.002134,54.878536,2.93615,1610.0,54.74231,9.0
2023-07-08 17:11:15+0000,73.5,176.0,23.7,null,null,null,null,null,null
2023-07-08 22:54:51+0000,72.75,176.0,23.4,null,null,null,null,null,null
2023-07-09 01:25:58+0000,73.75,176.0,23.8,null,null,null,null,null,null
2023-07-09 11:09:42+0000,71.95,176.0,23.2,19.902067,54.94718,2.933674,1607.0,54.696785,9.0
2023-07-09 20:09:43+0000,74.4,176.0,24.0,null,null,null,null,null,null
2023-07-09 20:13:32+0000,73.8,176.0,23.8,null,null,null,null,null,null
2023-07-09 22:05:24+0000,73.0,176.0,23.5,null,null,null,null,null,null
2023-07-10 10:36:33+0000,71.85,176.0,23.1,19.674236,55.103474,2.9379864,1606.0,54.776073,9.0
2023-07-10 12:16:48+0000,73.1,176.0,23.5,null,null,null,null,null,null
2023-07-10 15:05:55+0000,72.0,176.0,23.2,null,null,null,null,null,null
2023-07-10 22:15:55+0000,72.4,176.0,23.3,null,null,null,null,null,null
2023-07-10 23:36:23+0000,73.35,176.0,23.6,null,null,null,null,null,null
2023-07-11 02:57:20+0000,73.15,176.0,23.6,null,null,null,null,null,null
2023-07-11 10:36:16+0000,71.65,176.0,23.1,19.615269,55.143925,2.9318793,1603.0,54.66378,9.0
2023-07-11 16:10:07+0000,72.9,176.0,23.5,null,null,null,null,null,null
2023-07-11 22:19:19+0000,72.8,176.0,23.5,null,null,null,null,null,null
2023-07-12 12:17:12+0000,72.95,176.0,23.5,20.253788,54.705902,2.9617543,1622.0,55.213104,9.0
2023-07-12 23:08:23+0000,72.95,176.0,23.5,null,null,null,null,null,null
2023-07-13 01:39:07+0000,73.6,176.0,23.7,null,null,null,null,null,null
2023-07-13 10:27:23+0000,72.05,176.0,23.2,19.940514,54.920807,2.936377,1609.0,54.746483,9.0
2023-07-13 12:51:42+0000,72.75,176.0,23.4,null,null,null,null,null,null
2023-07-14 12:29:22+0000,71.55,176.0,23.0,19.737722,55.05992,2.923214,1601.0,54.504448,9.0
2023-07-14 15:28:31+0000,72.95,176.0,23.5,null,null,null,null,null,null
2023-07-14 22:11:42+0000,72.95,176.0,23.5,null,null,null,null,null,null
2023-07-15 02:58:26+0000,74.0,176.0,23.8,null,null,null,null,null,null
2023-07-15 13:03:05+0000,72.5,176.0,23.4,20.379503,54.619663,2.9385433,1616.0,54.786316,9.0
2023-07-17 11:36:25+0000,71.45,176.0,23.0,19.432243,55.26948,2.9303317,1600.0,54.635326,9.0
2023-07-17 20:10:27+0000,72.25,176.0,23.3,null,null,null,null,null,null
2023-07-19 21:22:31+0000,72.55,176.0,23.4,null,null,null,null,null,null
2023-07-20 02:06:02+0000,73.55,176.0,23.7,null,null,null,null,null,null
2023-07-20 02:06:30+0000,72.6,176.0,23.4,null,null,null,null,null,null
2023-07-20 12:05:00+0000,71.55,176.0,23.0,19.642685,55.12512,2.9267213,1601.0,54.56894,9.0
2023-07-21 00:15:40+0000,72.45,176.0,23.3,null,null,null,null,null,null
2023-07-21 12:22:15+0000,71.4,176.0,23.0,19.56014,55.181744,2.923544,1599.0,54.510517,9.0
2023-07-22 11:19:37+0000,71.9,176.0,23.2,19.80242,55.01554,2.9353042,1607.0,54.726757,9.0
2023-07-24 12:29:26+0000,72.6,176.0,23.4,19.948675,54.915207,2.9587834,1617.0,55.158478,9.0
2023-07-24 21:05:45+0000,73.4,176.0,23.6,null,null,null,null,null,null
2023-07-25 11:56:02+0000,71.8,176.0,23.1,19.716352,55.07458,2.934355,1605.0,54.709305,9.0
2023-07-26 02:01:26+0000,72.85,176.0,23.5,null,null,null,null,null,null
2023-07-26 10:57:22+0000,71.5,176.0,23.0,19.551804,55.18746,2.9280005,1601.0,54.59246,9.0
2023-07-27 12:07:09+0000,71.5,176.0,23.0,19.66593,55.109173,2.9237914,1601.0,54.515068,9.0
2023-07-28 12:51:04+0000,71.4,176.0,23.0,19.502996,55.220943,2.9256485,1599.0,54.549213,9.0
2023-07-28 21:02:23+0000,73.85,176.0,23.8,null,null,null,null,null,null
2023-07-29 11:38:30+0000,71.65,176.0,23.1,19.65323,55.11788,2.9304762,1603.0,54.637985,9.0
2023-07-31 02:31:31+0000,74.25,176.0,23.9,null,null,null,null,null,null
2023-07-31 11:52:58+0000,72.25,176.0,23.3,20.026491,54.861828,2.9414318,1612.0,54.839428,9.0
2023-07-31 22:23:25+0000,71.95,176.0,23.2,null,null,null,null,null,null
2023-07-31 22:23:46+0000,71.95,176.0,23.2,null,null,null,null,null,null
2023-08-01 11:50:31+0000,71.75,176.0,23.1,19.73009,55.06516,2.931776,1604.0,54.661884,9.0
2023-08-01 22:47:43+0000,73.1,176.0,23.5,null,null,null,null,null,null
2023-08-02 11:56:33+0000,72.0,176.0,23.2,19.822138,55.002014,2.9387085,1608.0,54.789352,9.0
2023-08-02 17:57:40+0000,73.35,176.0,23.6,null,null,null,null,null,null
2023-08-02 22:07:27+0000,73.45,176.0,23.7,null,null,null,null,null,null
2023-08-03 12:03:00+0000,71.25,176.0,23.0,19.391354,55.29753,2.9235232,1597.0,54.510136,9.0
2023-08-04 11:54:18+0000,71.35,176.0,23.0,19.602436,55.15273,2.9199126,1598.0,54.44375,9.0
2023-08-05 12:11:09+0000,71.0,176.0,22.9,19.191463,55.434654,2.920449,1593.0,54.453613,9.0
2023-08-06 12:13:27+0000,71.25,176.0,23.0,19.496336,55.225513,2.919665,1597.0,54.439198,9.0
2023-08-07 11:22:22+0000,71.1,176.0,22.9,19.346186,55.328518,2.918943,1595.0,54.42592,9.0
2023-08-07 22:52:12+0000,0.48,176.0,null,null,null,null,null,null,null
2023-08-07 22:53:05+0000,1.16,176.0,null,null,null,null,null,null,null
2023-08-08 11:45:37+0000,71.25,176.0,23.0,19.486792,55.23206,2.9200158,1597.0,54.445644,9.0
2023-08-09 11:53:24+0000,71.4,176.0,23.0,19.56014,55.181744,2.923544,1599.0,54.510517,9.0
2023-08-10 11:59:41+0000,72.95,176.0,23.5,20.244465,54.712296,2.962105,1622.0,55.219555,9.0
2023-08-10 15:22:19+0000,73.2,176.0,23.6,null,null,null,null,null,null
2023-08-10 15:23:03+0000,72.9,176.0,23.5,null,null,null,null,null,null
2023-08-10 21:26:08+0000,73.1,176.0,23.5,null,null,null,null,null,null
2023-08-11 00:17:56+0000,71.95,176.0,23.2,null,null,null,null,null,null
2023-08-11 11:58:24+0000,71.7,176.0,23.1,19.649006,55.12078,2.9327044,1604.0,54.678955,9.0
2023-08-11 21:31:55+0000,73.1,176.0,23.5,null,null,null,null,null,null
2023-08-12 00:55:26+0000,72.65,176.0,23.4,null,null,null,null,null,null
2023-08-12 02:55:34+0000,73.3,176.0,23.6,null,null,null,null,null,null
2023-08-12 12:08:32+0000,71.3,176.0,23.0,19.597113,55.15638,2.9180353,1598.0,54.409225,9.0
2023-08-13 12:29:55+0000,71.4,176.0,23.0,19.750616,55.05108,2.9165292,1599.0,54.38153,9.0
2023-08-14 11:31:56+0000,71.4,176.0,23.0,19.645855,55.122944,2.9203873,1599.0,54.452473,9.0
2023-08-15 01:21:29+0000,71.55,176.0,23.0,null,null,null,null,null,null
2023-08-15 11:31:22+0000,71.1,176.0,22.9,19.49921,55.22354,2.913331,1595.0,54.32273,9.0
2023-08-21 00:01:15+0000,72.8,176.0,23.5,null,null,null,null,null,null
2023-08-21 11:42:41+0000,71.4,176.0,23.0,19.645855,55.122944,2.9203873,1599.0,54.452473,9.0
2023-08-21 18:52:53+0000,72.05,176.0,23.2,null,null,null,null,null,null
2023-08-21 22:29:39+0000,71.25,176.0,23.0,null,null,null,null,null,null
2023-08-22 11:11:07+0000,70.85,176.0,22.8,19.50083,55.22243,2.9028912,1591.0,54.130768,9.0
2023-08-22 11:11:34+0000,70.85,176.0,22.8,19.50083,55.22243,2.9028912,1591.0,54.130768,9.0
2023-08-22 20:03:01+0000,71.7,176.0,23.1,null,null,null,null,null,null
2023-08-23 00:00:24+0000,72.3,176.0,23.3,null,null,null,null,null,null
2023-08-23 11:23:41+0000,71.4,176.0,23.0,19.83633,54.99228,2.9133723,1599.0,54.32349,9.0
