com.samsung.shealth.exercise.recovery_heart_rate,6233003,1
start_time,update_time,create_time,time_offset,deviceuuid,exercise_id,pkg_name,end_time,datauuid,heart_rate
2022-12-09 22:07:52.866,2022-12-09 22:09:53.256,2022-12-09 22:09:53.256,UTC-0300,2l9vD+Aay/,223d267d-d5e8-4837-aeff-fb69f41e035a,com.sec.android.app.shealth,2022-12-09 22:09:52.866,b95bdde9-edd9-4ab4-a464-af223b495eb9,b95bdde9-edd9-4ab4-a464-af223b495eb9.heart_rate.json,
2022-12-12 23:35:02.327,2022-12-12 23:37:03.185,2022-12-12 23:37:03.185,UTC-0300,2l9vD+Aay/,cf0907f8-2fd7-4937-b681-fe116184eee3,com.sec.android.app.shealth,2022-12-12 23:37:02.327,c01e4fb8-568c-43f7-bd49-00754529b2ef,c01e4fb8-568c-43f7-bd49-00754529b2ef.heart_rate.json,
2022-12-11 20:25:48.731,2022-12-11 20:27:48.886,2022-12-11 20:27:48.886,UTC-0300,2l9vD+Aay/,73052a2f-8e5f-44a9-944b-26ccfac75840,com.sec.android.app.shealth,2022-12-11 20:27:48.731,1ea5e72c-2272-40c3-b5fa-95f804177ad1,1ea5e72c-2272-40c3-b5fa-95f804177ad1.heart_rate.json,
2022-12-10 00:11:05.318,2022-12-10 00:13:05.487,2022-12-10 00:13:05.487,UTC-0300,2l9vD+Aay/,46cc385b-6561-4b6b-ada6-b9154221f145,com.sec.android.app.shealth,2022-12-10 00:13:05.318,afb25950-4061-4d3e-9629-0162837142ae,afb25950-4061-4d3e-9629-0162837142ae.heart_rate.json,
2022-12-14 23:16:27.669,2022-12-14 23:18:28.210,2022-12-14 23:18:28.210,UTC-0300,2l9vD+Aay/,d566b790-a584-4d4f-a600-ddc1eb388862,com.sec.android.app.shealth,2022-12-14 23:18:27.669,fa43c8f4-3858-4a50-80ed-9c6bfa298469,fa43c8f4-3858-4a50-80ed-9c6bfa298469.heart_rate.json,
2022-12-14 22:10:45.978,2022-12-14 22:12:46.230,2022-12-14 22:12:46.230,UTC-0300,2l9vD+Aay/,37114fa6-8188-40b2-a38e-3481c37250e5,com.sec.android.app.shealth,2022-12-14 22:12:45.978,c6fc3352-dcc9-4b2c-b488-6f739c4a6d8c,c6fc3352-dcc9-4b2c-b488-6f739c4a6d8c.heart_rate.json,
2022-12-19 23:04:33.223,2022-12-19 23:06:33.454,2022-12-19 23:06:33.454,UTC-0300,2l9vD+Aay/,ef057dd0-6c6d-459f-9549-dcea99126621,com.sec.android.app.shealth,2022-12-19 23:06:33.223,86545769-a601-4d55-9c83-58a8507f700b,86545769-a601-4d55-9c83-58a8507f700b.heart_rate.json,
2022-12-20 22:14:41.110,2022-12-20 22:16:41.366,2022-12-20 22:16:41.366,UTC-0300,2l9vD+Aay/,f4cf9fb4-c774-4efc-8ac9-f3fa08bcd5ec,com.sec.android.app.shealth,2022-12-20 22:16:41.110,9b6ec04d-270a-4639-85f4-95b1c30800fe,9b6ec04d-270a-4639-85f4-95b1c30800fe.heart_rate.json,
2022-12-21 21:36:15.757,2022-12-21 21:38:16.196,2022-12-21 21:38:16.196,UTC-0300,2l9vD+Aay/,88412838-4e3c-4772-9f1a-081bab4f7c8d,com.sec.android.app.shealth,2022-12-21 21:38:15.757,a0de00fa-9a2e-46ef-b856-ad48a4d98bc9,a0de00fa-9a2e-46ef-b856-ad48a4d98bc9.heart_rate.json,
2022-12-21 00:45:33.855,2022-12-21 00:47:34.225,2022-12-21 00:47:34.225,UTC-0300,2l9vD+Aay/,c8eb6f96-2789-4ed6-8b16-a254f0afc2bd,com.sec.android.app.shealth,2022-12-21 00:47:33.855,3bf193e0-760d-4736-866f-55c3db168776,3bf193e0-760d-4736-866f-55c3db168776.heart_rate.json,
2022-12-20 23:31:31.350,2022-12-20 23:33:31.459,2022-12-20 23:33:31.459,UTC-0300,2l9vD+Aay/,35af9617-138f-47b7-8fc0-488575310f02,com.sec.android.app.shealth,2022-12-20 23:33:31.350,58d57731-16e2-461b-a061-05a520871c20,58d57731-16e2-461b-a061-05a520871c20.heart_rate.json,
2022-12-21 21:58:04.063,2022-12-21 21:58:23.959,2022-12-21 21:58:23.959,UTC-0300,2l9vD+Aay/,73c7e581-cbbd-4879-b9c4-6c0fce59ca2d,com.sec.android.app.shealth,2022-12-21 21:58:23.938,d9ea7b7f-8fe9-4462-90f1-4ba00c0e0db1,d9ea7b7f-8fe9-4462-90f1-4ba00c0e0db1.heart_rate.json,
2022-12-21 22:34:44.674,2022-12-21 22:36:44.788,2022-12-21 22:36:44.788,UTC-0300,2l9vD+Aay/,7f58733b-7199-4389-a579-9ea4d1c5187f,com.sec.android.app.shealth,2022-12-21 22:36:44.674,9c1ba153-6429-45b7-a3e7-193157f43819,9c1ba153-6429-45b7-a3e7-193157f43819.heart_rate.json,
2022-12-22 01:22:06.600,2022-12-22 01:23:09.694,2022-12-22 01:23:09.694,UTC-0300,2l9vD+Aay/,23812552-64f6-4bcc-bf9f-a8ed7be18612,com.sec.android.app.shealth,2022-12-22 01:23:09.618,69baba92-9a4e-4be6-9eed-f020216fbe8b,69baba92-9a4e-4be6-9eed-f020216fbe8b.heart_rate.json,
2022-12-21 23:49:19.811,2022-12-21 23:51:20.271,2022-12-21 23:51:20.271,UTC-0300,2l9vD+Aay/,41ed6b5e-2bf1-43c8-8ff1-812e818f22b2,com.sec.android.app.shealth,2022-12-21 23:51:19.811,a513035b-ee7f-4b32-a6a1-53ab9b763224,a513035b-ee7f-4b32-a6a1-53ab9b763224.heart_rate.json,
2022-12-22 01:49:17.698,2022-12-22 01:50:49.156,2022-12-22 01:50:49.156,UTC-0300,2l9vD+Aay/,3eeeff4c-1f8f-4a0a-b8a0-b7c72f3454ef,com.sec.android.app.shealth,2022-12-22 01:50:49.113,590cca88-4c9d-4a0d-952e-a0df25cf418a,590cca88-4c9d-4a0d-952e-a0df25cf418a.heart_rate.json,
2022-12-21 23:06:20.858,2022-12-21 23:08:21.001,2022-12-21 23:08:21.001,UTC-0300,2l9vD+Aay/,a89c77ba-9bc2-43eb-bfee-09c9b0a201cc,com.sec.android.app.shealth,2022-12-21 23:08:20.858,0a58d4e9-fa57-4904-b826-1a077d4d34c4,0a58d4e9-fa57-4904-b826-1a077d4d34c4.heart_rate.json,
2022-12-23 21:24:52.175,2022-12-23 21:26:52.306,2022-12-23 21:26:52.306,UTC-0300,2l9vD+Aay/,fd8e6142-5f3e-45fc-b948-0c85ff71e914,com.sec.android.app.shealth,2022-12-23 21:26:52.175,3f8ca859-f6b3-4aa8-96aa-0179173d4fd9,3f8ca859-f6b3-4aa8-96aa-0179173d4fd9.heart_rate.json,
2022-12-22 02:06:16.852,2022-12-22 02:08:17.273,2022-12-22 02:08:17.273,UTC-0300,2l9vD+Aay/,768661d7-b3f9-439d-8c75-0d061c84a5fe,com.sec.android.app.shealth,2022-12-22 02:08:16.852,6cb57ebe-aae8-4707-aa84-82b88fcbe21d,6cb57ebe-aae8-4707-aa84-82b88fcbe21d.heart_rate.json,
2022-12-24 12:35:04.309,2022-12-24 12:37:05.180,2022-12-24 12:37:05.180,UTC-0300,2l9vD+Aay/,8d2bbabe-1e63-4c43-a0e0-eaca609bb8f6,com.sec.android.app.shealth,2022-12-24 12:37:04.309,686afb1c-0696-4fec-92ed-752565f756d1,686afb1c-0696-4fec-92ed-752565f756d1.heart_rate.json,
2022-12-27 00:14:48.800,2022-12-27 00:16:49.073,2022-12-27 00:16:49.073,UTC-0300,2l9vD+Aay/,2d614c62-8d21-49e0-8973-fcd89ad8dd76,com.sec.android.app.shealth,2022-12-27 00:16:48.800,cd5e9d5f-f285-41d9-8eca-2f4575b3a867,cd5e9d5f-f285-41d9-8eca-2f4575b3a867.heart_rate.json,
2022-12-22 02:35:27.031,2022-12-22 02:37:27.191,2022-12-22 02:37:27.191,UTC-0300,2l9vD+Aay/,3142a77d-3531-409c-87c4-0489cdecd05b,com.sec.android.app.shealth,2022-12-22 02:37:27.031,7ff71217-c698-40af-a7fd-84efd3b5d985,7ff71217-c698-40af-a7fd-84efd3b5d985.heart_rate.json,
2022-12-28 00:01:45.015,2022-12-28 00:02:05.297,2022-12-28 00:02:05.297,UTC-0300,2l9vD+Aay/,996ae8a2-d9ce-4d4d-a2eb-dedbe82df2a7,com.sec.android.app.shealth,2022-12-28 00:02:05.278,900830a0-e2cc-4deb-a937-d0c703122b38,900830a0-e2cc-4deb-a937-d0c703122b38.heart_rate.json,
2022-12-28 20:05:02.320,2022-12-28 20:05:13.647,2022-12-28 20:05:13.647,UTC-0300,2l9vD+Aay/,0b728565-9be3-4dfa-bb6e-2f27a58c45ed,com.sec.android.app.shealth,2022-12-28 20:05:13.558,4048b74b-fad3-4a0e-82e2-adc7d017c43e,4048b74b-fad3-4a0e-82e2-adc7d017c43e.heart_rate.json,
2022-12-28 00:50:25.939,2022-12-28 00:52:26.075,2022-12-28 00:52:26.075,UTC-0300,2l9vD+Aay/,6ba04800-17c3-4018-8602-115f88d9952e,com.sec.android.app.shealth,2022-12-28 00:52:25.939,325d9656-dcbe-4c9e-b6ca-d27ec51865d1,325d9656-dcbe-4c9e-b6ca-d27ec51865d1.heart_rate.json,
2023-01-05 15:07:43.365,2023-01-05 15:07:55.492,2023-01-05 15:07:55.492,UTC-0300,2l9vD+Aay/,17917ed9-a7a4-4717-8734-c6bff4a7e581,com.sec.android.app.shealth,2023-01-05 15:07:55.437,caca12a4-a147-4f09-87f9-6442302f3b34,caca12a4-a147-4f09-87f9-6442302f3b34.heart_rate.json,
2023-01-06 21:10:46.252,2023-01-06 21:12:46.447,2023-01-06 21:12:46.447,UTC-0300,2l9vD+Aay/,9865fc36-e20a-4fa3-8937-9f60507f579f,com.sec.android.app.shealth,2023-01-06 21:12:46.252,6bcd09ef-c4b8-4b50-82ae-2af765e10c04,6bcd09ef-c4b8-4b50-82ae-2af765e10c04.heart_rate.json,
2023-01-02 13:20:44.004,2023-01-02 13:22:44.275,2023-01-02 13:22:44.275,UTC-0300,2l9vD+Aay/,8a37ec6e-6618-401f-9e84-5328e846d742,com.sec.android.app.shealth,2023-01-02 13:22:44.004,158a5bb4-9631-40c0-8a0d-667705e87d9f,158a5bb4-9631-40c0-8a0d-667705e87d9f.heart_rate.json,
2023-01-02 21:26:21.310,2023-01-02 21:28:21.374,2023-01-02 21:28:21.374,UTC-0300,2l9vD+Aay/,3c451e31-919a-4f3e-bcb5-06eee6ad299f,com.sec.android.app.shealth,2023-01-02 21:28:21.310,b642ebb2-3d7f-481f-8ee2-d97bdf60c3e3,b642ebb2-3d7f-481f-8ee2-d97bdf60c3e3.heart_rate.json,
2023-01-05 20:24:55.672,2023-01-05 20:26:55.856,2023-01-05 20:26:55.856,UTC-0300,2l9vD+Aay/,5bdcf346-dc35-42a1-a830-dd1af526d555,com.sec.android.app.shealth,2023-01-05 20:26:55.672,bf86856e-50ad-47c1-a758-5fc7210a0151,bf86856e-50ad-47c1-a758-5fc7210a0151.heart_rate.json,
2023-01-08 21:09:48.586,2023-01-08 21:11:48.725,2023-01-08 21:11:48.725,UTC-0300,2l9vD+Aay/,ac7562d6-9b59-4b60-aef3-fdf54389dfc0,com.sec.android.app.shealth,2023-01-08 21:11:48.586,6d123c57-c97a-4541-8f81-bd0c188e3475,6d123c57-c97a-4541-8f81-bd0c188e3475.heart_rate.json,
2023-01-14 21:58:24.006,2023-01-14 22:00:24.256,2023-01-14 22:00:24.256,UTC-0300,2l9vD+Aay/,9f08461d-7f04-4d5b-a336-b4f5cc0ad494,com.sec.android.app.shealth,2023-01-14 22:00:24.006,476cf873-d9ec-48d3-8924-66aaaf30913e,476cf873-d9ec-48d3-8924-66aaaf30913e.heart_rate.json,
2023-01-07 14:37:53.256,2023-01-07 14:38:49.495,2023-01-07 14:38:49.495,UTC-0300,2l9vD+Aay/,f6ce73f7-a246-4506-a6bc-10fc0cd57ff0,com.sec.android.app.shealth,2023-01-07 14:38:49.472,9bfe64c0-b88b-43cd-90b7-f28aefba4121,9bfe64c0-b88b-43cd-90b7-f28aefba4121.heart_rate.json,
2023-01-13 23:20:56.163,2023-01-13 23:22:56.298,2023-01-13 23:22:56.298,UTC-0300,2l9vD+Aay/,f3370e88-6026-46a3-809b-9f70df54e25c,com.sec.android.app.shealth,2023-01-13 23:22:56.163,13cb5376-fdf9-4a15-a185-b8b326d8276d,13cb5376-fdf9-4a15-a185-b8b326d8276d.heart_rate.json,
2023-01-07 19:53:54.495,2023-01-07 19:55:55.258,2023-01-07 19:55:55.258,UTC-0300,2l9vD+Aay/,76d104f0-a797-4fef-8ba4-094d5faa194b,com.sec.android.app.shealth,2023-01-07 19:55:54.495,400ad59f-d427-4ff9-acec-65a4677ec9c2,400ad59f-d427-4ff9-acec-65a4677ec9c2.heart_rate.json,
2023-01-15 00:57:29.093,2023-01-15 00:59:29.178,2023-01-15 00:59:29.178,UTC-0300,2l9vD+Aay/,3359e6c4-73a0-4a81-9f5a-2a312ee7388c,com.sec.android.app.shealth,2023-01-15 00:59:29.093,9cfd20d8-8fab-4acd-9185-e4b09ca830bf,9cfd20d8-8fab-4acd-9185-e4b09ca830bf.heart_rate.json,
2023-01-16 22:32:41.259,2023-01-16 22:34:42.237,2023-01-16 22:34:42.237,UTC-0300,2l9vD+Aay/,ea844a1a-393e-41ae-a16a-bb16ce8f893e,com.sec.android.app.shealth,2023-01-16 22:34:41.259,13e268fe-c4dc-4e39-94eb-07ae6735757d,13e268fe-c4dc-4e39-94eb-07ae6735757d.heart_rate.json,
2023-01-18 22:05:07.722,2023-01-18 22:07:07.898,2023-01-18 22:07:07.898,UTC-0300,2l9vD+Aay/,96abd233-f69a-4ece-8fec-b78c7f2b5dcf,com.sec.android.app.shealth,2023-01-18 22:07:07.722,677b6823-030c-4c79-9b83-d6ea52d82b19,677b6823-030c-4c79-9b83-d6ea52d82b19.heart_rate.json,
2023-01-17 22:46:11.742,2023-01-17 22:48:11.907,2023-01-17 22:48:11.907,UTC-0300,2l9vD+Aay/,48375459-c74e-4dd9-ace6-60534d720cbf,com.sec.android.app.shealth,2023-01-17 22:48:11.742,4f9149e3-0b8a-4753-84d0-46539d8ca930,4f9149e3-0b8a-4753-84d0-46539d8ca930.heart_rate.json,
2023-01-15 14:24:14.442,2023-01-15 14:26:14.554,2023-01-15 14:26:14.554,UTC-0300,2l9vD+Aay/,ca5d3599-c4ca-45ef-8f5e-0c6beda530b5,com.sec.android.app.shealth,2023-01-15 14:26:14.442,fe4834ea-ce65-44f5-bf45-8b0d4fd256cb,fe4834ea-ce65-44f5-bf45-8b0d4fd256cb.heart_rate.json,
2023-01-26 22:53:54.840,2023-01-26 22:55:55.287,2023-01-26 22:55:55.287,UTC-0300,2l9vD+Aay/,b8cde4ad-50e0-4fe5-9144-5e546c9b7a2a,com.sec.android.app.shealth,2023-01-26 22:55:54.840,3984fda2-1a1a-4459-831b-abb51d6d96e8,3984fda2-1a1a-4459-831b-abb51d6d96e8.heart_rate.json,
2023-01-22 22:06:32.759,2023-01-22 22:08:33.233,2023-01-22 22:08:33.233,UTC-0300,2l9vD+Aay/,baef4051-5cc8-4393-ac46-8d07336904ae,com.sec.android.app.shealth,2023-01-22 22:08:32.759,846536a3-a7ef-4aad-a1e7-22b010ecf730,846536a3-a7ef-4aad-a1e7-22b010ecf730.heart_rate.json,
2023-01-28 13:16:14.379,2023-01-28 13:18:14.541,2023-01-28 13:18:14.541,UTC-0300,2l9vD+Aay/,cd762306-b592-4c7a-8381-3fb52937524a,com.sec.android.app.shealth,2023-01-28 13:18:14.379,fe2b5393-5b46-406e-a1e6-f5e7be2c9f7e,fe2b5393-5b46-406e-a1e6-f5e7be2c9f7e.heart_rate.json,
2023-02-04 21:34:29.010,2023-02-04 21:36:29.226,2023-02-04 21:36:29.226,UTC-0300,2l9vD+Aay/,4468855a-652b-4392-8080-41d2e2042adc,com.sec.android.app.shealth,2023-02-04 21:36:29.010,6120bd50-d4f3-4d25-bf29-b0936e6700cb,6120bd50-d4f3-4d25-bf29-b0936e6700cb.heart_rate.json,
2023-01-27 23:01:13.625,2023-01-27 23:03:13.742,2023-01-27 23:03:13.742,UTC-0300,2l9vD+Aay/,9c89f3e1-a6b1-4acc-8f38-27a57bba3318,com.sec.android.app.shealth,2023-01-27 23:03:13.625,c7783497-c458-4150-ba96-90cf96e46681,c7783497-c458-4150-ba96-90cf96e46681.heart_rate.json,
2023-01-25 23:09:15.495,2023-01-25 23:11:16.204,2023-01-25 23:11:16.204,UTC-0300,2l9vD+Aay/,8dac787b-ffdf-4c00-aa98-2b9cfacc8ae1,com.sec.android.app.shealth,2023-01-25 23:11:15.495,87ce2efc-d04c-4668-9ca7-5b839152ea27,87ce2efc-d04c-4668-9ca7-5b839152ea27.heart_rate.json,
2023-02-08 01:13:59.501,2023-02-08 01:15:59.681,2023-02-08 01:15:59.681,UTC-0300,2l9vD+Aay/,f50e7427-ff5d-4863-a14f-8c079d341c79,com.sec.android.app.shealth,2023-02-08 01:15:59.501,913e935a-6895-45ad-9a08-f2914fa43e06,913e935a-6895-45ad-9a08-f2914fa43e06.heart_rate.json,
2023-01-30 22:33:16.709,2023-01-30 22:35:16.856,2023-01-30 22:35:16.856,UTC-0300,2l9vD+Aay/,6c53a4f3-3d3d-4aab-8bf5-487c5caa676e,com.sec.android.app.shealth,2023-01-30 22:35:16.709,409da52b-f23e-44e6-a311-536e2b939717,409da52b-f23e-44e6-a311-536e2b939717.heart_rate.json,
2023-01-31 11:47:38.089,2023-01-31 11:49:38.201,2023-01-31 11:49:38.201,UTC-0300,2l9vD+Aay/,45bb3f26-1ccd-4bbd-bdcd-1097dd905266,com.sec.android.app.shealth,2023-01-31 11:49:38.089,12935967-68d6-4417-928f-f270d0824823,12935967-68d6-4417-928f-f270d0824823.heart_rate.json,
2023-02-07 00:53:19.503,2023-02-07 00:55:19.706,2023-02-07 00:55:19.706,UTC-0300,2l9vD+Aay/,a347f9d2-dc00-40db-9d83-8608ffb21ed2,com.sec.android.app.shealth,2023-02-07 00:55:19.503,26597c38-4dd4-4a0e-9fb5-92ab37c0fdca,26597c38-4dd4-4a0e-9fb5-92ab37c0fdca.heart_rate.json,
2023-02-09 01:35:28.067,2023-02-09 01:37:28.232,2023-02-09 01:37:28.232,UTC-0300,2l9vD+Aay/,a8773adf-ae70-4528-a8ce-a0b49e00ad8a,com.sec.android.app.shealth,2023-02-09 01:37:28.067,959b1e99-796e-449f-93e1-a2da889ac26f,959b1e99-796e-449f-93e1-a2da889ac26f.heart_rate.json,
2023-02-08 23:18:40.241,2023-02-08 23:19:37.202,2023-02-08 23:19:37.202,UTC-0300,2l9vD+Aay/,7dbd0eaa-51b0-49a8-89bf-ce8aa2d8ea99,com.sec.android.app.shealth,2023-02-08 23:19:37.189,6aa63f49-38b9-44d8-934e-3ab4e5fcf9a3,6aa63f49-38b9-44d8-934e-3ab4e5fcf9a3.heart_rate.json,
2023-02-09 23:48:12.129,2023-02-09 23:50:12.240,2023-02-09 23:50:12.240,UTC-0300,2l9vD+Aay/,0a6ecde7-7323-4343-9d5f-e2fd387ee0ac,com.sec.android.app.shealth,2023-02-09 23:50:12.129,134ca843-54f9-462b-a147-fa01294d7453,134ca843-54f9-462b-a147-fa01294d7453.heart_rate.json,
2023-02-12 01:10:48.120,2023-02-12 01:12:48.149,2023-02-12 01:12:48.149,UTC-0300,2l9vD+Aay/,4399ec10-2b3c-4019-ae98-fd835c0c5734,com.sec.android.app.shealth,2023-02-12 01:12:48.120,88c7bdb0-e9bc-4f7c-a8bd-cf645ed62635,88c7bdb0-e9bc-4f7c-a8bd-cf645ed62635.heart_rate.json,
2023-02-09 00:48:38.316,2023-02-09 00:50:38.428,2023-02-09 00:50:38.428,UTC-0300,2l9vD+Aay/,77e31d1c-b84e-45ac-90be-cf70cc115472,com.sec.android.app.shealth,2023-02-09 00:50:38.316,5990b48a-2f36-4469-abd7-842ba8fbfba1,5990b48a-2f36-4469-abd7-842ba8fbfba1.heart_rate.json,
2023-02-16 00:25:51.431,2023-02-16 00:27:51.449,2023-02-16 00:27:51.449,UTC-0300,2l9vD+Aay/,3c057c09-aa1f-43e4-b4ca-fe91e9c680e2,com.sec.android.app.shealth,2023-02-16 00:27:51.431,dcd1726b-fe40-4f75-bcac-6b11a9338a32,dcd1726b-fe40-4f75-bcac-6b11a9338a32.heart_rate.json,
2023-02-24 00:13:06.942,2023-02-24 00:15:07.236,2023-02-24 00:15:07.236,UTC-0300,2l9vD+Aay/,efd5e32a-073f-411d-8597-86bc13914b1b,com.sec.android.app.shealth,2023-02-24 00:15:06.942,56d95abb-da30-446e-85f0-da9291ff2015,56d95abb-da30-446e-85f0-da9291ff2015.heart_rate.json,
2023-02-23 22:19:32.603,2023-02-23 22:20:09.980,2023-02-23 22:20:09.980,UTC-0300,2l9vD+Aay/,21a231d4-92ad-40c9-ad2f-a9bcc8ce200e,com.sec.android.app.shealth,2023-02-23 22:20:09.932,8e5fc032-dd7d-42b0-bb68-116f0ed86756,8e5fc032-dd7d-42b0-bb68-116f0ed86756.heart_rate.json,
2023-02-25 18:36:02.796,2023-02-25 18:38:03.299,2023-02-25 18:38:03.299,UTC-0300,2l9vD+Aay/,3042f4a0-fe7b-4dff-a68d-121102e775f5,com.sec.android.app.shealth,2023-02-25 18:38:02.796,2043b79f-3fae-42e9-ab1f-18c032684a40,2043b79f-3fae-42e9-ab1f-18c032684a40.heart_rate.json,
2023-02-27 23:45:41.434,2023-02-27 23:47:41.515,2023-02-27 23:47:41.515,UTC-0300,2l9vD+Aay/,074026f3-6b5c-4b17-8af5-4850bf77f982,com.sec.android.app.shealth,2023-02-27 23:47:41.434,054c9bb6-3067-412d-8a6f-d4569823a9e0,054c9bb6-3067-412d-8a6f-d4569823a9e0.heart_rate.json,
2023-02-16 03:19:56.372,2023-02-16 03:21:57.222,2023-02-16 03:21:57.222,UTC-0300,2l9vD+Aay/,470d665b-e36a-43d5-9948-5ce071885f67,com.sec.android.app.shealth,2023-02-16 03:21:56.372,52f1ea68-c89f-4c7d-88b3-30e0f19b90b1,52f1ea68-c89f-4c7d-88b3-30e0f19b90b1.heart_rate.json,
2023-03-05 16:10:19.637,2023-03-05 16:12:20.212,2023-03-05 16:12:20.212,UTC-0300,2l9vD+Aay/,3f767f6d-fb60-4800-b588-5119d34ae57d,com.sec.android.app.shealth,2023-03-05 16:12:19.637,f1ee2a32-6494-41e4-b81b-801f69c02710,f1ee2a32-6494-41e4-b81b-801f69c02710.heart_rate.json,
2023-03-04 17:43:44.955,2023-03-04 17:45:45.187,2023-03-04 17:45:45.187,UTC-0300,2l9vD+Aay/,9fb3b226-7e72-4fe9-b7a5-d84d9a1e0394,com.sec.android.app.shealth,2023-03-04 17:45:44.955,ced16671-df91-4ade-b7e8-7fd1694e0346,ced16671-df91-4ade-b7e8-7fd1694e0346.heart_rate.json,
2023-03-01 23:39:26.747,2023-03-01 23:41:27.232,2023-03-01 23:41:27.232,UTC-0300,2l9vD+Aay/,5bbed76f-9442-4679-b8e3-70fbf1874ed6,com.sec.android.app.shealth,2023-03-01 23:41:26.747,d5049a56-7494-497f-b738-7cbed92cd536,d5049a56-7494-497f-b738-7cbed92cd536.heart_rate.json,
2023-03-07 23:58:55.461,2023-03-08 00:00:55.659,2023-03-08 00:00:55.659,UTC-0300,2l9vD+Aay/,685b7689-cd7e-4990-9913-574295fdcab0,com.sec.android.app.shealth,2023-03-08 00:00:55.461,0b2c7563-019a-4248-bf80-eac97f4e00ef,0b2c7563-019a-4248-bf80-eac97f4e00ef.heart_rate.json,
2023-02-28 23:58:10.835,2023-03-01 00:00:10.937,2023-03-01 00:00:10.937,UTC-0300,2l9vD+Aay/,2e450792-316b-4f31-baa2-887a18d7fc2c,com.sec.android.app.shealth,2023-03-01 00:00:10.835,1b0fb9c7-3647-4b4d-8230-3b608c15299b,1b0fb9c7-3647-4b4d-8230-3b608c15299b.heart_rate.json,
2023-03-10 21:45:31.949,2023-03-10 21:47:32.054,2023-03-10 21:47:32.054,UTC-0300,2l9vD+Aay/,c641aa62-f33e-49f4-8e3d-60cdfb627ea8,com.sec.android.app.shealth,2023-03-10 21:47:31.949,43e2f3e5-a7f3-4e0c-9453-2aed7dfe55fe,43e2f3e5-a7f3-4e0c-9453-2aed7dfe55fe.heart_rate.json,
2023-03-10 21:18:55.589,2023-03-10 21:20:56.238,2023-03-10 21:20:56.238,UTC-0300,2l9vD+Aay/,537c6a68-4a4c-40e4-a1db-d4e83d40ce73,com.sec.android.app.shealth,2023-03-10 21:20:55.589,5948ff07-b54f-4fa7-bb24-8390091fa9bb,5948ff07-b54f-4fa7-bb24-8390091fa9bb.heart_rate.json,
2023-03-10 00:02:22.507,2023-03-10 00:04:22.690,2023-03-10 00:04:22.690,UTC-0300,2l9vD+Aay/,89a5dab7-b2f4-4fce-8acc-351de1c3380d,com.sec.android.app.shealth,2023-03-10 00:04:22.507,9f7f4162-c648-45e2-ad1c-face12d4392f,9f7f4162-c648-45e2-ad1c-face12d4392f.heart_rate.json,
2023-03-08 22:55:28.331,2023-03-08 22:57:28.517,2023-03-08 22:57:28.517,UTC-0300,2l9vD+Aay/,c4c125e3-d392-48e6-95ed-1d165756870e,com.sec.android.app.shealth,2023-03-08 22:57:28.331,43703df8-d58f-44a8-94e0-0525749d4d22,43703df8-d58f-44a8-94e0-0525749d4d22.heart_rate.json,
2023-03-13 22:29:51.629,2023-03-13 22:31:51.832,2023-03-13 22:31:51.832,UTC-0300,2l9vD+Aay/,492ed678-785e-44c9-99db-6ff755cca5e5,com.sec.android.app.shealth,2023-03-13 22:31:51.629,ad2ee42e-7e9d-4c2f-8cd9-ef1c1fce02fa,ad2ee42e-7e9d-4c2f-8cd9-ef1c1fce02fa.heart_rate.json,
2023-03-15 00:01:57.947,2023-03-15 00:03:58.127,2023-03-15 00:03:58.127,UTC-0300,2l9vD+Aay/,f1e7dbfc-6b40-49d9-a1e3-2b6c081e9a9d,com.sec.android.app.shealth,2023-03-15 00:03:57.947,a8db9299-b4b4-48fa-bbcb-9eb114fe593a,a8db9299-b4b4-48fa-bbcb-9eb114fe593a.heart_rate.json,
2023-03-11 18:43:07.441,2023-03-11 18:45:07.528,2023-03-11 18:45:07.528,UTC-0300,2l9vD+Aay/,38db1f6e-d0d5-4d19-9221-9bf853b7d3bb,com.sec.android.app.shealth,2023-03-11 18:45:07.441,8b37e953-a96d-4a7f-a947-48bb1278a930,8b37e953-a96d-4a7f-a947-48bb1278a930.heart_rate.json,
2023-03-11 23:59:39.416,2023-03-12 00:01:37.175,2023-03-12 00:01:37.175,UTC-0300,2l9vD+Aay/,d8d35633-9f74-49e6-b545-19c1ce92a489,com.sec.android.app.shealth,2023-03-12 00:01:37.156,fed2630f-1184-47bb-a25f-abf0707a9351,fed2630f-1184-47bb-a25f-abf0707a9351.heart_rate.json,
2023-03-19 00:40:33.405,2023-03-19 00:42:33.513,2023-03-19 00:42:33.513,UTC-0300,2l9vD+Aay/,79d39631-1cea-47ea-9a9f-2e3268ab4381,com.sec.android.app.shealth,2023-03-19 00:42:33.405,697a9ee8-4abb-4a26-920d-62179feacb61,697a9ee8-4abb-4a26-920d-62179feacb61.heart_rate.json,
2023-03-11 23:32:30.397,2023-03-11 23:32:51.817,2023-03-11 23:32:51.817,UTC-0300,2l9vD+Aay/,93424f96-049a-4d6b-bc38-26f21df5d623,com.sec.android.app.shealth,2023-03-11 23:32:51.803,abfa2beb-98f1-4bdd-8c1a-b895413bac8a,abfa2beb-98f1-4bdd-8c1a-b895413bac8a.heart_rate.json,
2023-03-18 22:31:43.987,2023-03-18 22:33:44.229,2023-03-18 22:33:44.229,UTC-0300,2l9vD+Aay/,0451614f-bd7d-4c83-8fe4-59c72ba8b84d,com.sec.android.app.shealth,2023-03-18 22:33:43.987,adaf98c1-eff3-421e-a7f0-1091022dc327,adaf98c1-eff3-421e-a7f0-1091022dc327.heart_rate.json,
2023-03-19 20:09:39.642,2023-03-19 20:11:40.179,2023-03-19 20:11:40.179,UTC-0300,2l9vD+Aay/,3b213fe7-1849-4cfa-8fc8-2f2f6bdebe3e,com.sec.android.app.shealth,2023-03-19 20:11:39.642,420e0eb0-0aea-4798-94f3-5f297acc1b94,420e0eb0-0aea-4798-94f3-5f297acc1b94.heart_rate.json,
2023-03-21 22:23:00.195,2023-03-21 22:25:00.324,2023-03-21 22:25:00.324,UTC-0300,2l9vD+Aay/,02ea2d1d-2026-49c7-ad58-5141d0ffa7ef,com.sec.android.app.shealth,2023-03-21 22:25:00.195,e0324984-3acd-47a3-947c-969a7ce50ec5,e0324984-3acd-47a3-947c-969a7ce50ec5.heart_rate.json,
2023-03-16 23:57:01.632,2023-03-16 23:59:01.838,2023-03-16 23:59:01.838,UTC-0300,2l9vD+Aay/,cdb45f94-1b62-46e8-bae1-d133ba57892c,com.sec.android.app.shealth,2023-03-16 23:59:01.632,b6961809-3940-4101-8700-205d6ab97677,b6961809-3940-4101-8700-205d6ab97677.heart_rate.json,
2023-03-18 20:19:11.699,2023-03-18 20:21:11.857,2023-03-18 20:21:11.857,UTC-0300,2l9vD+Aay/,94b22df1-5db4-4f46-af9f-50fb8ccfb4dc,com.sec.android.app.shealth,2023-03-18 20:21:11.699,082daec8-8445-473c-8039-2a0115b87957,082daec8-8445-473c-8039-2a0115b87957.heart_rate.json,
2023-03-21 21:04:33.367,2023-03-21 21:06:33.473,2023-03-21 21:06:33.473,UTC-0300,2l9vD+Aay/,f17c2fb1-c674-42da-9557-881a558ecaa0,com.sec.android.app.shealth,2023-03-21 21:06:33.367,a0be4a61-e08e-45db-8c7f-4f58414d52b0,a0be4a61-e08e-45db-8c7f-4f58414d52b0.heart_rate.json,
2023-03-21 23:31:13.153,2023-03-21 23:33:13.189,2023-03-21 23:33:13.189,UTC-0300,2l9vD+Aay/,075be36b-698c-4269-80c5-bc11d9dfaac0,com.sec.android.app.shealth,2023-03-21 23:33:13.153,ea6043d5-c314-4544-aa5b-507e1a0d750e,ea6043d5-c314-4544-aa5b-507e1a0d750e.heart_rate.json,
2023-03-24 00:23:16.497,2023-03-24 00:25:17.182,2023-03-24 00:25:17.182,UTC-0300,2l9vD+Aay/,53be1f0f-bc1b-4fbd-9998-b5f0db118d1e,com.sec.android.app.shealth,2023-03-24 00:25:16.497,4539414a-e503-469c-a1e5-0e547aaa9a97,4539414a-e503-469c-a1e5-0e547aaa9a97.heart_rate.json,
2023-03-20 00:19:32.931,2023-03-20 00:21:33.374,2023-03-20 00:21:33.374,UTC-0300,2l9vD+Aay/,a6779a97-6934-45c6-bd4e-84f02b00c619,com.sec.android.app.shealth,2023-03-20 00:21:32.931,f57377ec-6dba-4965-8544-ff5c2707dac5,f57377ec-6dba-4965-8544-ff5c2707dac5.heart_rate.json,
2023-03-22 23:22:05.457,2023-03-22 23:24:06.356,2023-03-22 23:24:06.356,UTC-0300,2l9vD+Aay/,0126359e-edd8-4328-90eb-63c96c685e11,com.sec.android.app.shealth,2023-03-22 23:24:05.457,ecf6bd47-da07-43de-bd07-7b0448559a8f,ecf6bd47-da07-43de-bd07-7b0448559a8f.heart_rate.json,
2023-03-20 22:21:43.517,2023-03-20 22:23:44.211,2023-03-20 22:23:44.211,UTC-0300,2l9vD+Aay/,9ed60f24-4dfb-4f9a-a2a3-949411b57d86,com.sec.android.app.shealth,2023-03-20 22:23:43.517,988932c2-40b6-4957-b959-dbc49f1b43d7,988932c2-40b6-4957-b959-dbc49f1b43d7.heart_rate.json,
2023-03-27 21:01:38.350,2023-03-27 21:03:36.151,2023-03-27 21:03:36.151,UTC-0300,2l9vD+Aay/,fcfb6f94-21ae-475a-be8e-0a9f34e5969f,com.sec.android.app.shealth,2023-03-27 21:03:36.107,f619192f-1588-42ea-aafd-06529fb657d6,f619192f-1588-42ea-aafd-06529fb657d6.heart_rate.json,
2023-03-24 21:23:07.011,2023-03-24 21:24:47.079,2023-03-24 21:24:47.079,UTC-0300,2l9vD+Aay/,3d6da8be-9bd0-43bf-a65d-73fef7025a63,com.sec.android.app.shealth,2023-03-24 21:24:46.984,9daa2f78-b6c5-4847-b2e1-970fa0894eb6,9daa2f78-b6c5-4847-b2e1-970fa0894eb6.heart_rate.json,
2023-03-26 21:10:03.003,2023-03-26 21:12:03.163,2023-03-26 21:12:03.163,UTC-0300,2l9vD+Aay/,0b4d98bc-574c-4545-9124-e6152a13b01c,com.sec.android.app.shealth,2023-03-26 21:12:03.003,36054fa2-4eba-4892-8972-43b0907d1eda,36054fa2-4eba-4892-8972-43b0907d1eda.heart_rate.json,
2023-03-22 22:35:16.022,2023-03-22 22:37:16.248,2023-03-22 22:37:16.248,UTC-0300,2l9vD+Aay/,a6d15185-73a1-4c06-91bc-09cdd02a1082,com.sec.android.app.shealth,2023-03-22 22:37:16.022,1f607561-9e12-4b82-8f4d-9e879645edd7,1f607561-9e12-4b82-8f4d-9e879645edd7.heart_rate.json,
2023-03-22 21:21:09.543,2023-03-22 21:22:52.798,2023-03-22 21:22:52.798,UTC-0300,2l9vD+Aay/,b52cc6a7-740f-4b45-a241-0401f911c443,com.sec.android.app.shealth,2023-03-22 21:22:52.702,62878682-fcac-46ec-8289-e477e2c89065,62878682-fcac-46ec-8289-e477e2c89065.heart_rate.json,
2023-04-01 20:56:31.076,2023-04-01 20:58:31.303,2023-04-01 20:58:31.303,UTC-0300,2l9vD+Aay/,12427f36-b351-47ec-bbcc-26358c8930ef,com.sec.android.app.shealth,2023-04-01 20:58:31.076,3919059a-75b4-4415-922b-8a6bebb6f938,3919059a-75b4-4415-922b-8a6bebb6f938.heart_rate.json,
2023-04-01 19:31:21.135,2023-04-01 19:33:21.245,2023-04-01 19:33:21.245,UTC-0300,2l9vD+Aay/,cab54ee4-3916-43c9-b06a-b80d201364c9,com.sec.android.app.shealth,2023-04-01 19:33:21.135,172e5b69-6764-4df5-9b77-ba5cb18e05b1,172e5b69-6764-4df5-9b77-ba5cb18e05b1.heart_rate.json,
2023-03-27 22:16:12.822,2023-03-27 22:18:12.892,2023-03-27 22:18:12.892,UTC-0300,2l9vD+Aay/,9e6fd0d7-03b8-462c-95c2-df2861fd23fb,com.sec.android.app.shealth,2023-03-27 22:18:12.822,22c60227-7786-4347-8376-480e3fb2d5c0,22c60227-7786-4347-8376-480e3fb2d5c0.heart_rate.json,
2023-03-25 16:34:59.910,2023-03-25 16:37:00.053,2023-03-25 16:37:00.053,UTC-0300,2l9vD+Aay/,ec749901-1e4c-48c6-b36f-bf651d186a14,com.sec.android.app.shealth,2023-03-25 16:36:59.910,658e1417-73e7-4978-853b-5f8da161252d,658e1417-73e7-4978-853b-5f8da161252d.heart_rate.json,
2023-03-25 15:10:49.969,2023-03-25 15:12:50.230,2023-03-25 15:12:50.230,UTC-0300,2l9vD+Aay/,6d9b16c2-eac7-4b4f-9ca2-a3baad470be8,com.sec.android.app.shealth,2023-03-25 15:12:49.969,a11b0db1-1d73-4e5e-90b3-ebab31cad5d7,a11b0db1-1d73-4e5e-90b3-ebab31cad5d7.heart_rate.json,
2023-04-02 21:55:15.518,2023-04-02 21:57:15.694,2023-04-02 21:57:15.694,UTC-0300,2l9vD+Aay/,f6acadf3-528b-4bec-8dc3-7fbd1aa3df4c,com.sec.android.app.shealth,2023-04-02 21:57:15.518,de5480ad-d0ae-4c1e-aa7b-afaa0abe5519,de5480ad-d0ae-4c1e-aa7b-afaa0abe5519.heart_rate.json,
2023-04-02 20:20:55.467,2023-04-02 20:22:58.654,2023-04-02 20:22:58.654,UTC-0300,2l9vD+Aay/,b38e2d2e-b0c5-47f4-b45f-728489a916fa,com.sec.android.app.shealth,2023-04-02 20:22:55.467,1bf6bbb4-1d23-458d-9067-87fb77bb610d,1bf6bbb4-1d23-458d-9067-87fb77bb610d.heart_rate.json,
2023-03-31 23:26:08.012,2023-03-31 23:28:08.121,2023-03-31 23:28:08.121,UTC-0300,2l9vD+Aay/,def874be-b58b-4824-9b1a-1b55d7eac83d,com.sec.android.app.shealth,2023-03-31 23:28:08.012,0f3082c5-cd6a-4126-b30b-795c13803473,0f3082c5-cd6a-4126-b30b-795c13803473.heart_rate.json,
2023-04-01 23:56:08.218,2023-04-01 23:58:08.378,2023-04-01 23:58:08.378,UTC-0300,2l9vD+Aay/,64830515-fba9-4e13-aab3-e8a7f420bfa6,com.sec.android.app.shealth,2023-04-01 23:58:08.218,724a22c3-1065-45e1-8dab-2f73b36c79a8,724a22c3-1065-45e1-8dab-2f73b36c79a8.heart_rate.json,
2023-03-30 23:59:51.735,2023-03-31 00:01:52.285,2023-03-31 00:01:52.285,UTC-0300,2l9vD+Aay/,5f345879-2b90-4414-a4a0-55e957739adc,com.sec.android.app.shealth,2023-03-31 00:01:51.735,36afce46-739a-47c0-a646-9ea3daca9a76,36afce46-739a-47c0-a646-9ea3daca9a76.heart_rate.json,
2023-04-08 21:01:45.820,2023-04-08 21:03:46.196,2023-04-08 21:03:46.196,UTC-0300,2l9vD+Aay/,612b0af1-a59b-4d07-921d-2202a6d5c0e1,com.sec.android.app.shealth,2023-04-08 21:03:45.820,45abd9f5-6204-43dd-b61f-62e48916b9fa,45abd9f5-6204-43dd-b61f-62e48916b9fa.heart_rate.json,
2023-04-02 19:19:13.650,2023-04-02 19:20:47.651,2023-04-02 19:20:47.651,UTC-0300,2l9vD+Aay/,41eb7360-7a4f-477b-a6e7-8a98c423ce31,com.sec.android.app.shealth,2023-04-02 19:20:47.438,c755d893-1fa0-4b82-92d4-eec5fc6ef9f4,c755d893-1fa0-4b82-92d4-eec5fc6ef9f4.heart_rate.json,
2023-04-07 15:00:35.612,2023-04-07 15:02:43.603,2023-04-07 15:02:43.603,UTC-0300,2l9vD+Aay/,0d8fb285-4459-4961-9ded-3f55940b76e7,com.sec.android.app.shealth,2023-04-07 15:02:35.612,1ed5fb8d-fb99-4f3b-9574-ddbef146ce41,1ed5fb8d-fb99-4f3b-9574-ddbef146ce41.heart_rate.json,
2023-04-02 18:18:54.009,2023-04-02 18:20:54.207,2023-04-02 18:20:54.207,UTC-0300,2l9vD+Aay/,8d1721ed-78c5-4a30-b4c9-523a34c399e8,com.sec.android.app.shealth,2023-04-02 18:20:54.009,4d82207e-a8c2-4974-bf91-d8e8969927a6,4d82207e-a8c2-4974-bf91-d8e8969927a6.heart_rate.json,
2023-04-03 22:13:45.109,2023-04-03 22:15:45.220,2023-04-03 22:15:45.220,UTC-0300,2l9vD+Aay/,ce865a8b-9a0b-47a4-afda-82235ad7b309,com.sec.android.app.shealth,2023-04-03 22:15:45.109,fbd21370-6b3d-494d-84b2-471dabc90420,fbd21370-6b3d-494d-84b2-471dabc90420.heart_rate.json,
2023-04-07 00:18:37.209,2023-04-07 00:20:37.393,2023-04-07 00:20:37.393,UTC-0300,2l9vD+Aay/,73b3dafd-6a5e-47b9-affc-2522f29ff2c2,com.sec.android.app.shealth,2023-04-07 00:20:37.209,cf351b3e-1dbb-4cf5-b238-9096c9fb9bba,cf351b3e-1dbb-4cf5-b238-9096c9fb9bba.heart_rate.json,
2023-04-14 00:38:22.269,2023-04-14 00:40:22.425,2023-04-14 00:40:22.425,UTC-0300,dFCfDPMS7d,28ce84c5-3051-4764-8e19-8763badd626b,com.sec.android.app.shealth,2023-04-14 00:40:22.269,745f2ca4-808b-47b4-8334-dba244e28ac3,745f2ca4-808b-47b4-8334-dba244e28ac3.heart_rate.json,
2023-04-14 00:02:01.689,2023-04-14 00:04:01.893,2023-04-14 00:04:01.893,UTC-0300,dFCfDPMS7d,b1aeb334-d546-4a56-803b-8aff356069e8,com.sec.android.app.shealth,2023-04-14 00:04:01.689,4b8f1d11-b325-40f5-9a52-96055b82f522,4b8f1d11-b325-40f5-9a52-96055b82f522.heart_rate.json,
2023-04-09 19:10:57.965,2023-04-09 19:12:58.136,2023-04-09 19:12:58.136,UTC-0300,2l9vD+Aay/,ecf994c5-45d5-43ad-9bf6-0ff9f44e1aa6,com.sec.android.app.shealth,2023-04-09 19:12:57.965,f0adadcd-4617-4324-89a4-71e540eb2c6c,f0adadcd-4617-4324-89a4-71e540eb2c6c.heart_rate.json,
2023-04-06 00:07:29.694,2023-04-06 00:09:30.235,2023-04-06 00:09:30.235,UTC-0300,2l9vD+Aay/,01ab6ad0-0a74-495f-87db-8f2f72e88ef6,com.sec.android.app.shealth,2023-04-06 00:09:29.694,5aa6fbcd-db6a-4c9e-b91d-f063b865828b,5aa6fbcd-db6a-4c9e-b91d-f063b865828b.heart_rate.json,
2023-04-17 23:22:31.633,2023-04-17 23:24:32.223,2023-04-17 23:24:32.223,UTC-0300,dFCfDPMS7d,52d8e264-0f7c-4b28-a96a-bb91e8916820,com.sec.android.app.shealth,2023-04-17 23:24:31.633,4e4abcdb-398a-452b-9886-6e0a326327e8,4e4abcdb-398a-452b-9886-6e0a326327e8.heart_rate.json,
2023-04-17 22:08:30.457,2023-04-17 22:10:30.659,2023-04-17 22:10:30.659,UTC-0300,dFCfDPMS7d,5a36dd34-2770-478a-9321-1ba50b8aed20,com.sec.android.app.shealth,2023-04-17 22:10:30.457,1fe90cd8-6f77-4469-b41d-83a88a86927e,1fe90cd8-6f77-4469-b41d-83a88a86927e.heart_rate.json,
2023-04-16 22:12:04.592,2023-04-16 22:14:04.730,2023-04-16 22:14:04.730,UTC-0300,dFCfDPMS7d,4857119c-cbac-4491-94e3-b8e2ba2ebc0a,com.sec.android.app.shealth,2023-04-16 22:14:04.592,f490d0c4-2370-42ed-a820-c3ce3b36149e,f490d0c4-2370-42ed-a820-c3ce3b36149e.heart_rate.json,
2023-04-14 02:48:43.669,2023-04-14 02:50:44.191,2023-04-14 02:50:44.191,UTC-0300,dFCfDPMS7d,85196dd9-fc32-470b-8dbf-a134dd868aa9,com.sec.android.app.shealth,2023-04-14 02:50:43.669,6410bae1-099f-4dc5-809c-3ee59cc7a8bd,6410bae1-099f-4dc5-809c-3ee59cc7a8bd.heart_rate.json,
2023-04-21 00:07:08.796,2023-04-21 00:09:08.974,2023-04-21 00:09:08.974,UTC-0300,dFCfDPMS7d,9e0b9de5-4b40-45ab-b41c-9c16c127e7cc,com.sec.android.app.shealth,2023-04-21 00:09:08.796,aa2e7f8f-fd5b-45b8-99bf-cd32b0f1bfdd,aa2e7f8f-fd5b-45b8-99bf-cd32b0f1bfdd.heart_rate.json,
2023-04-22 02:27:28.476,2023-04-22 02:29:28.613,2023-04-22 02:29:28.613,UTC-0300,dFCfDPMS7d,86f90571-4f5c-49eb-8dbf-d51fe792791f,com.sec.android.app.shealth,2023-04-22 02:29:28.476,3dc62533-64f7-4dac-8180-94f16de08480,3dc62533-64f7-4dac-8180-94f16de08480.heart_rate.json,
2023-04-23 20:01:56.964,2023-04-23 20:03:57.180,2023-04-23 20:03:57.180,UTC-0300,dFCfDPMS7d,5e7b557b-9b2c-443c-ae10-663998889cca,com.sec.android.app.shealth,2023-04-23 20:03:56.964,a5fe87f1-8cb4-42c7-aec6-105a5027f730,a5fe87f1-8cb4-42c7-aec6-105a5027f730.heart_rate.json,
2023-04-12 21:49:15.194,2023-04-12 21:51:15.361,2023-04-12 21:51:15.361,UTC-0300,dFCfDPMS7d,de9e1bdd-82e8-4937-bf53-17ec90275014,com.sec.android.app.shealth,2023-04-12 21:51:15.194,90a82bc5-3131-43ef-85eb-afdb52e1bd89,90a82bc5-3131-43ef-85eb-afdb52e1bd89.heart_rate.json,
2023-04-18 23:33:53.868,2023-04-18 23:35:53.994,2023-04-18 23:35:53.994,UTC-0300,dFCfDPMS7d,2dab30db-3da6-45b3-9ad7-3dbc3e3483e3,com.sec.android.app.shealth,2023-04-18 23:35:53.868,64b60cad-ca49-4566-81f2-01fbe5b1f237,64b60cad-ca49-4566-81f2-01fbe5b1f237.heart_rate.json,
2023-04-23 21:27:01.087,2023-04-23 21:29:01.554,2023-04-23 21:29:01.554,UTC-0300,dFCfDPMS7d,1789771d-324e-4919-a6ff-a6ba7bbee04e,com.sec.android.app.shealth,2023-04-23 21:29:01.087,49d9847a-6b85-4c3f-ade2-979dfbb9c989,49d9847a-6b85-4c3f-ade2-979dfbb9c989.heart_rate.json,
2023-04-21 14:50:14.597,2023-04-21 14:52:15.204,2023-04-21 14:52:15.204,UTC-0300,dFCfDPMS7d,3a055bc9-2d63-4433-a54c-df0ba8e8f9ce,com.sec.android.app.shealth,2023-04-21 14:52:14.597,54694d11-8778-41b7-ba6e-592bd7bfaeb2,54694d11-8778-41b7-ba6e-592bd7bfaeb2.heart_rate.json,
2023-04-17 21:07:49.774,2023-04-17 21:09:50.141,2023-04-17 21:09:50.141,UTC-0300,dFCfDPMS7d,0a91a35f-4426-498f-a7cd-e13502f36b79,com.sec.android.app.shealth,2023-04-17 21:09:49.774,9579f976-bace-4633-bbda-cac3b67e6332,9579f976-bace-4633-bbda-cac3b67e6332.heart_rate.json,
2023-04-14 22:34:38.461,2023-04-14 22:35:34.336,2023-04-14 22:35:34.336,UTC-0300,dFCfDPMS7d,b51d2e0e-da24-4b5a-a96d-737262c14939,com.sec.android.app.shealth,2023-04-14 22:35:34.304,b37ee5de-99f8-4b04-8727-b1eacd3dc5d7,b37ee5de-99f8-4b04-8727-b1eacd3dc5d7.heart_rate.json,
2023-06-03 11:52:43.847,2023-06-03 11:54:44.269,2023-06-03 11:54:44.269,UTC-0300,dFCfDPMS7d,2cbcc6b1-5f22-45f8-a2a2-c051d3d13668,com.sec.android.app.shealth,2023-06-03 11:54:43.847,10a89e5e-574f-4455-b9d3-0bf587908533,10a89e5e-574f-4455-b9d3-0bf587908533.heart_rate.json,
2023-07-28 20:35:42.336,2023-07-28 20:37:42.519,2023-07-28 20:37:42.519,UTC-0300,dFCfDPMS7d,7f9317b1-7c0a-4f85-90da-1afa053f77db,com.sec.android.app.shealth,2023-07-28 20:37:42.336,49d015c8-d108-4b71-b344-68e72bffa802,49d015c8-d108-4b71-b344-68e72bffa802.heart_rate.json,
2023-04-21 21:39:59.574,2023-04-21 21:42:00.242,2023-04-21 21:42:00.242,UTC-0300,dFCfDPMS7d,e8ef750f-41ae-444e-a64e-6ea8757f4fc0,com.sec.android.app.shealth,2023-04-21 21:41:59.574,92bfede8-2a4f-4271-979d-a6446396d980,92bfede8-2a4f-4271-979d-a6446396d980.heart_rate.json,
2023-04-23 22:06:29.998,2023-04-23 22:08:30.295,2023-04-23 22:08:30.295,UTC-0300,dFCfDPMS7d,b2643dd8-1986-44fd-9642-a6ebcb7e1a81,com.sec.android.app.shealth,2023-04-23 22:08:29.998,6a02c37c-b709-478e-b520-229abe49778d,6a02c37c-b709-478e-b520-229abe49778d.heart_rate.json,
2023-04-22 23:06:39.757,2023-04-22 23:08:39.941,2023-04-22 23:08:39.941,UTC-0300,dFCfDPMS7d,178d41b3-dd22-4900-ba37-c15b06770d0c,com.sec.android.app.shealth,2023-04-22 23:08:39.757,e8dce015-ba8a-47a0-a0d9-2fae6b9c3567,e8dce015-ba8a-47a0-a0d9-2fae6b9c3567.heart_rate.json,
2023-08-01 23:32:39.341,2023-08-01 23:34:39.429,2023-08-01 23:34:39.429,UTC-0300,dFCfDPMS7d,53274b86-e98c-4537-8dd3-6a2f55388b43,com.sec.android.app.shealth,2023-08-01 23:34:39.341,5b67ab38-0719-41a5-aa4d-4a51ae015dde,5b67ab38-0719-41a5-aa4d-4a51ae015dde.heart_rate.json,
2023-07-17 00:14:04.520,2023-07-17 00:16:04.723,2023-07-17 00:16:04.723,UTC-0300,dFCfDPMS7d,05e498fd-c241-497b-a8af-16ed34bb6cc3,com.sec.android.app.shealth,2023-07-17 00:16:04.520,8b878207-b050-463b-8660-6c5d9421f864,8b878207-b050-463b-8660-6c5d9421f864.heart_rate.json,
2023-04-21 20:20:05.778,2023-04-21 20:22:05.978,2023-04-21 20:22:05.978,UTC-0300,dFCfDPMS7d,127a3387-13eb-4381-a2b3-5bf339135964,com.sec.android.app.shealth,2023-04-21 20:22:05.778,98b64971-7168-450e-967c-6fde008bc0b5,98b64971-7168-450e-967c-6fde008bc0b5.heart_rate.json,
2023-05-04 00:33:28.733,2023-05-04 00:35:28.820,2023-05-04 00:35:28.820,UTC-0300,dFCfDPMS7d,2d960770-ec32-4044-868a-38c3c6c12a19,com.sec.android.app.shealth,2023-05-04 00:35:28.733,465936b1-18e9-441a-aa00-5ef3c9d4030d,465936b1-18e9-441a-aa00-5ef3c9d4030d.heart_rate.json,
2023-07-08 18:22:26.366,2023-07-08 18:24:27.256,2023-07-08 18:24:27.256,UTC-0300,dFCfDPMS7d,347a57f5-5dd9-42f8-ab89-0d95c10a3d5d,com.sec.android.app.shealth,2023-07-08 18:24:26.366,37493819-6bca-46b9-bdc9-7f2ee6667a40,37493819-6bca-46b9-bdc9-7f2ee6667a40.heart_rate.json,
2023-08-12 17:54:14.124,2023-08-12 17:56:14.239,2023-08-12 17:56:14.239,UTC-0300,dFCfDPMS7d,cefbc401-2b3c-4853-ae3c-3078100f9600,com.sec.android.app.shealth,2023-08-12 17:56:14.124,ed15abd2-5e76-4154-bc2f-69c3bc557e6a,ed15abd2-5e76-4154-bc2f-69c3bc557e6a.heart_rate.json,
2023-04-21 16:06:13.501,2023-04-21 16:08:13.591,2023-04-21 16:08:13.591,UTC-0300,dFCfDPMS7d,5aeb7e01-4d3d-4a19-a9b9-50c502b14a64,com.sec.android.app.shealth,2023-04-21 16:08:13.501,a4b009b2-a6f3-4804-9fda-428a7d4cfce9,a4b009b2-a6f3-4804-9fda-428a7d4cfce9.heart_rate.json,
2023-04-23 18:28:30.804,2023-04-23 18:30:31.222,2023-04-23 18:30:31.222,UTC-0300,dFCfDPMS7d,6733781e-069a-4704-9269-3b7f114e25a8,com.sec.android.app.shealth,2023-04-23 18:30:30.804,8d8a79a8-7a91-4233-80bd-d28833293af6,8d8a79a8-7a91-4233-80bd-d28833293af6.heart_rate.json,
2023-07-06 23:41:21.668,2023-07-06 23:41:27.173,2023-07-06 23:41:27.173,UTC-0300,dFCfDPMS7d,2669795d-cfb0-4c41-900b-4add11b25bf2,com.sec.android.app.shealth,2023-07-06 23:41:27.085,3d6e38c7-e1be-45c7-9d3e-9475d588084d,3d6e38c7-e1be-45c7-9d3e-9475d588084d.heart_rate.json,
2023-06-24 00:11:08.145,2023-06-24 00:13:08.222,2023-06-24 00:13:08.222,UTC-0300,dFCfDPMS7d,2253bec4-7010-460a-ae52-fdc72ff8ce2d,com.sec.android.app.shealth,2023-06-24 00:13:08.145,25ef588f-2305-4be4-9960-332706ca71f3,25ef588f-2305-4be4-9960-332706ca71f3.heart_rate.json,
2023-06-03 18:58:30.693,2023-06-03 19:00:31.171,2023-06-03 19:00:31.171,UTC-0300,dFCfDPMS7d,b0a322d8-ed72-4da3-90dc-83365c19a4b3,com.sec.android.app.shealth,2023-06-03 19:00:30.693,6a582bd2-bd25-4146-89d6-9f309e76c11b,6a582bd2-bd25-4146-89d6-9f309e76c11b.heart_rate.json,
2023-08-01 20:11:59.686,2023-08-01 20:13:59.877,2023-08-01 20:13:59.877,UTC-0300,dFCfDPMS7d,5f9ac4b2-f4b3-4a8e-8a49-0fcfd3c731f0,com.sec.android.app.shealth,2023-08-01 20:13:59.686,b0c68a95-edff-457c-929d-0ea1de71c28e,b0c68a95-edff-457c-929d-0ea1de71c28e.heart_rate.json,
2023-08-16 20:34:57.129,2023-08-16 20:36:57.231,2023-08-16 20:36:57.231,UTC-0300,dFCfDPMS7d,268a35b4-9444-49c3-be93-672577ce7471,com.sec.android.app.shealth,2023-08-16 20:36:57.129,a36c5918-81dc-4587-a7e7-7c43478489f8,a36c5918-81dc-4587-a7e7-7c43478489f8.heart_rate.json,
2023-09-24 13:43:06.863,2023-09-24 13:45:07.087,2023-09-24 13:45:07.087,UTC-0300,dFCfDPMS7d,11c067ce-6a42-47fb-a956-f443a41c29d3,com.sec.android.app.shealth,2023-09-24 13:45:06.863,12e621cc-5acd-4aa0-aaca-0d156f33583b,12e621cc-5acd-4aa0-aaca-0d156f33583b.heart_rate.json,
2023-08-01 17:57:29.112,2023-08-01 17:59:29.200,2023-08-01 17:59:29.200,UTC-0300,dFCfDPMS7d,87a1eb50-dbd5-47f6-8e04-c864858c6830,com.sec.android.app.shealth,2023-08-01 17:59:29.112,640909de-85f5-4991-ba17-c2faa124ca4e,640909de-85f5-4991-ba17-c2faa124ca4e.heart_rate.json,
2023-08-02 23:01:43.701,2023-08-02 23:03:44.199,2023-08-02 23:03:44.199,UTC-0300,dFCfDPMS7d,a697bb24-01c0-48dd-a0d6-0e7dccce65fb,com.sec.android.app.shealth,2023-08-02 23:03:43.701,4a42947a-262d-45e4-8250-36c82b230982,4a42947a-262d-45e4-8250-36c82b230982.heart_rate.json,
2023-08-30 20:38:52.706,2023-08-30 20:40:52.834,2023-08-30 20:40:52.834,UTC-0300,dFCfDPMS7d,9439b19c-598f-4cc2-8f3f-81abcce9fd14,com.sec.android.app.shealth,2023-08-30 20:40:52.706,cc843290-1b97-44c3-9677-1d54a678e26e,cc843290-1b97-44c3-9677-1d54a678e26e.heart_rate.json,
2023-09-20 23:15:11.869,2023-09-20 23:17:12.233,2023-09-20 23:17:12.233,UTC-0300,dFCfDPMS7d,1f833772-2c0f-4ab6-a8ac-82f32cad404e,com.sec.android.app.shealth,2023-09-20 23:17:11.869,857d15da-8f1f-49af-8ce4-f08250f14c91,857d15da-8f1f-49af-8ce4-f08250f14c91.heart_rate.json,
2023-09-27 21:32:10.694,2023-09-27 21:34:11.209,2023-09-27 21:34:11.209,UTC-0300,dFCfDPMS7d,30aa928f-c057-4862-be5c-1a1738210b4f,com.sec.android.app.shealth,2023-09-27 21:34:10.694,e07ff5c0-b258-40e4-82d0-9f91afac80a9,e07ff5c0-b258-40e4-82d0-9f91afac80a9.heart_rate.json,
2023-07-31 22:01:30.517,2023-07-31 22:03:30.694,2023-07-31 22:03:30.694,UTC-0300,dFCfDPMS7d,23fdcfca-12a7-44c3-8267-98dc42ba3186,com.sec.android.app.shealth,2023-07-31 22:03:30.517,95b17700-80ea-479e-9dab-5e39f9e8d691,95b17700-80ea-479e-9dab-5e39f9e8d691.heart_rate.json,
2023-04-30 15:26:40.311,2023-04-30 15:28:40.491,2023-04-30 15:28:40.491,UTC-0300,dFCfDPMS7d,69e3b985-ffb0-4bdd-b443-5fd77cdfc82e,com.sec.android.app.shealth,2023-04-30 15:28:40.311,5d4437d4-c4ef-40a0-899e-a2c32a601db7,5d4437d4-c4ef-40a0-899e-a2c32a601db7.heart_rate.json,
2023-08-15 00:35:22.393,2023-08-15 00:37:23.241,2023-08-15 00:37:23.241,UTC-0300,dFCfDPMS7d,00950e25-64d2-4dcb-87cb-4a1ee72440af,com.sec.android.app.shealth,2023-08-15 00:37:22.393,a6cf8e9d-fdfe-489b-8fdc-587315317832,a6cf8e9d-fdfe-489b-8fdc-587315317832.heart_rate.json,
2023-10-05 02:46:01.279,2023-10-05 02:48:01.522,2023-10-05 02:48:01.522,UTC-0300,dFCfDPMS7d,f16e78ea-6139-4c03-865e-8f7e442c3aa9,com.sec.android.app.shealth,2023-10-05 02:48:01.279,e91104a1-a6f1-42e2-95b8-8c98fcd2e096,e91104a1-a6f1-42e2-95b8-8c98fcd2e096.heart_rate.json,
2023-06-08 00:55:29.716,2023-06-08 00:58:06.184,2023-06-08 00:58:06.184,UTC-0300,dFCfDPMS7d,3c4df7cb-141f-42f4-b8e8-93f15c12eaf1,com.sec.android.app.shealth,2023-06-08 00:57:29.716,4f6cca2d-4280-4ef2-b6b7-4fc1bfed0c69,4f6cca2d-4280-4ef2-b6b7-4fc1bfed0c69.heart_rate.json,
2023-08-18 21:23:34.014,2023-08-18 21:25:34.282,2023-08-18 21:25:34.282,UTC-0300,dFCfDPMS7d,c98e1f95-e1bd-4965-91b2-bb345b41e762,com.sec.android.app.shealth,2023-08-18 21:25:34.014,90505dd6-e233-4c85-be19-0985defc4cd2,90505dd6-e233-4c85-be19-0985defc4cd2.heart_rate.json,
2023-05-14 19:42:19.671,2023-05-14 19:44:19.844,2023-05-14 19:44:19.844,UTC-0300,dFCfDPMS7d,60dd3a0d-7d3d-4b8f-80af-cdbc0b38538f,com.sec.android.app.shealth,2023-05-14 19:44:19.671,53ae71ad-b7fe-4eaa-a457-58da83d26de1,53ae71ad-b7fe-4eaa-a457-58da83d26de1.heart_rate.json,
2023-07-08 20:07:43.683,2023-07-08 20:09:44.316,2023-07-08 20:09:44.316,UTC-0300,dFCfDPMS7d,de3d8fb6-f4ff-4464-a501-1dcecb9a318f,com.sec.android.app.shealth,2023-07-08 20:09:43.683,db3e42c9-c72a-4f7f-94b1-75e39c7e9dec,db3e42c9-c72a-4f7f-94b1-75e39c7e9dec.heart_rate.json,
2023-08-04 23:50:16.543,2023-08-04 23:52:16.741,2023-08-04 23:52:16.741,UTC-0300,dFCfDPMS7d,91b46921-a39f-4879-ac39-31149315662e,com.sec.android.app.shealth,2023-08-04 23:52:16.543,f2d96c38-30f5-4aef-8aa5-b8a529b2c983,f2d96c38-30f5-4aef-8aa5-b8a529b2c983.heart_rate.json,
2023-09-29 21:47:12.630,2023-09-29 21:49:13.278,2023-09-29 21:49:13.278,UTC-0300,dFCfDPMS7d,2bef823a-b32d-4abd-ace6-480a5004ecce,com.sec.android.app.shealth,2023-09-29 21:49:12.630,8ff03e00-d5cc-4424-a639-7860fbf25775,8ff03e00-d5cc-4424-a639-7860fbf25775.heart_rate.json,
2023-08-11 00:02:20.180,2023-08-11 00:04:20.334,2023-08-11 00:04:20.334,UTC-0300,dFCfDPMS7d,3e32a9ab-0c7e-48bb-8274-4605a7654fbf,com.sec.android.app.shealth,2023-08-11 00:04:20.180,5b109556-d9c2-4df6-a74c-25273fd240c6,5b109556-d9c2-4df6-a74c-25273fd240c6.heart_rate.json,
2023-08-03 02:28:33.146,2023-08-03 02:30:33.229,2023-08-03 02:30:33.229,UTC-0300,dFCfDPMS7d,f626cc94-33e6-431a-8657-e4b302d53f0d,com.sec.android.app.shealth,2023-08-03 02:30:33.146,07590b7f-cf50-42db-9e57-f6b17ab4d624,07590b7f-cf50-42db-9e57-f6b17ab4d624.heart_rate.json,
2023-09-08 21:46:35.720,2023-09-08 21:48:35.792,2023-09-08 21:48:35.792,UTC-0300,dFCfDPMS7d,56ab08f4-fc56-40b1-b820-b9715c0fa2f4,com.sec.android.app.shealth,2023-09-08 21:48:35.720,946d713d-508e-40cc-8f3b-049aff118f1a,946d713d-508e-40cc-8f3b-049aff118f1a.heart_rate.json,
2023-08-26 20:11:03.189,2023-08-26 20:13:03.323,2023-08-26 20:13:03.323,UTC-0300,dFCfDPMS7d,df0a3c91-a039-4e69-b81e-88fa12850496,com.sec.android.app.shealth,2023-08-26 20:13:03.189,f7cc9333-06f4-4333-bdc1-0da814fd5cb4,f7cc9333-06f4-4333-bdc1-0da814fd5cb4.heart_rate.json,
2023-06-07 22:42:10.017,2023-06-07 22:44:10.230,2023-06-07 22:44:10.230,UTC-0300,dFCfDPMS7d,f50e6127-6976-4a63-abb4-e40f080b2ba4,com.sec.android.app.shealth,2023-06-07 22:44:10.017,e1535fbb-798f-4a96-b1e4-36c814ea45ec,e1535fbb-798f-4a96-b1e4-36c814ea45ec.heart_rate.json,
2023-05-13 22:48:25.896,2023-05-13 22:50:26.223,2023-05-13 22:50:26.223,UTC-0300,dFCfDPMS7d,aabecc13-893b-4e03-8238-f5754d685815,com.sec.android.app.shealth,2023-05-13 22:50:25.896,67581869-c120-4423-a0aa-13d350e8bf36,67581869-c120-4423-a0aa-13d350e8bf36.heart_rate.json,
2023-08-21 20:03:16.655,2023-08-21 20:05:17.252,2023-08-21 20:05:17.252,UTC-0300,dFCfDPMS7d,06d987c0-8034-41d0-bb5d-548d8896ef09,com.sec.android.app.shealth,2023-08-21 20:05:16.655,75b69b10-1792-44b3-b140-0bd8e5e16f25,75b69b10-1792-44b3-b140-0bd8e5e16f25.heart_rate.json,
2023-07-14 00:03:21.830,2023-07-14 00:05:22.047,2023-07-14 00:05:22.047,UTC-0300,dFCfDPMS7d,8e6772ee-c8d1-43e5-ab74-d72b20bfe561,com.sec.android.app.shealth,2023-07-14 00:05:21.830,06f0c519-99d9-4ed4-8ba6-1c58c5c09ee0,06f0c519-99d9-4ed4-8ba6-1c58c5c09ee0.heart_rate.json,
2023-08-06 22:16:31.353,2023-08-06 22:18:32.189,2023-08-06 22:18:32.189,UTC-0300,dFCfDPMS7d,3e811301-8e5b-4046-b80f-2fdf8f585b91,com.sec.android.app.shealth,2023-08-06 22:18:31.353,bde262e0-4a73-4329-9aac-b4d5296aff94,bde262e0-4a73-4329-9aac-b4d5296aff94.heart_rate.json,
2023-05-28 23:21:02.299,2023-05-28 23:23:02.422,2023-05-28 23:23:02.422,UTC-0300,dFCfDPMS7d,2f8c2450-bf54-4232-a6ae-2c9e1b382e7e,com.sec.android.app.shealth,2023-05-28 23:23:02.299,e6a2a853-4c45-4ce8-b502-69a1534de484,e6a2a853-4c45-4ce8-b502-69a1534de484.heart_rate.json,
2023-09-30 18:30:13.767,2023-09-30 18:32:14.000,2023-09-30 18:32:14.000,UTC-0300,dFCfDPMS7d,b2497aee-df2e-4f89-9f7f-a7e6d293ae7d,com.sec.android.app.shealth,2023-09-30 18:32:13.767,33d88ab4-2355-4762-abb6-b61941645e41,33d88ab4-2355-4762-abb6-b61941645e41.heart_rate.json,
2023-08-02 02:36:49.723,2023-08-02 02:38:50.243,2023-08-02 02:38:50.243,UTC-0300,dFCfDPMS7d,79d9973d-79f9-4189-9858-8ee4f0f56aa9,com.sec.android.app.shealth,2023-08-02 02:38:49.723,acf34f2d-1fc4-4bec-9118-5948e4d132bc,acf34f2d-1fc4-4bec-9118-5948e4d132bc.heart_rate.json,
2023-06-17 21:07:40.622,2023-06-17 21:09:41.249,2023-06-17 21:09:41.249,UTC-0300,dFCfDPMS7d,7d1fd073-382d-4445-83ab-b27ba54acd17,com.sec.android.app.shealth,2023-06-17 21:09:40.622,5d5248cd-f8d5-4430-8bc1-6676bc5e295b,5d5248cd-f8d5-4430-8bc1-6676bc5e295b.heart_rate.json,
2023-09-24 17:00:53.646,2023-09-24 17:02:54.319,2023-09-24 17:02:54.319,UTC-0300,dFCfDPMS7d,6068318e-a0e8-4ae8-9f66-61f7dbf0a35b,com.sec.android.app.shealth,2023-09-24 17:02:53.646,69ebad5e-3de2-42b1-8294-4ab6a303cca6,69ebad5e-3de2-42b1-8294-4ab6a303cca6.heart_rate.json,
2023-08-05 21:42:22.379,2023-08-05 21:44:22.483,2023-08-05 21:44:22.483,UTC-0300,dFCfDPMS7d,7a84e396-8875-45f3-aab1-5d09a07c89cf,com.sec.android.app.shealth,2023-08-05 21:44:22.379,3a01471b-9b67-448c-b308-dfed0e789a3e,3a01471b-9b67-448c-b308-dfed0e789a3e.heart_rate.json,
2023-05-26 00:19:42.008,2023-05-26 00:21:42.238,2023-05-26 00:21:42.238,UTC-0300,dFCfDPMS7d,fafb5999-7979-4a20-8bdd-ef55d33fa67e,com.sec.android.app.shealth,2023-05-26 00:21:42.008,85c7cfe8-fd82-4d85-bf24-2090eec1b248,85c7cfe8-fd82-4d85-bf24-2090eec1b248.heart_rate.json,
2023-06-08 16:44:02.112,2023-06-08 16:46:02.318,2023-06-08 16:46:02.318,UTC-0300,dFCfDPMS7d,277749f9-f040-463a-b999-87533ab49b80,com.sec.android.app.shealth,2023-06-08 16:46:02.112,7d807970-1f02-4291-a87a-606c41f11c5b,7d807970-1f02-4291-a87a-606c41f11c5b.heart_rate.json,
2023-05-28 23:56:03.988,2023-05-28 23:58:04.250,2023-05-28 23:58:04.250,UTC-0300,dFCfDPMS7d,dd97acf5-efaf-47e5-a9c8-ecb7da6ccda0,com.sec.android.app.shealth,2023-05-28 23:58:03.988,2c8c0f60-04da-45d5-986f-1904be7059d4,2c8c0f60-04da-45d5-986f-1904be7059d4.heart_rate.json,
2023-05-16 23:52:34.764,2023-05-16 23:54:34.936,2023-05-16 23:54:34.936,UTC-0300,dFCfDPMS7d,6eb3d773-f80e-44ed-8c53-463f9dc17717,com.sec.android.app.shealth,2023-05-16 23:54:34.764,33e09ba9-fc1c-4579-84ec-4e2cf9266a7d,33e09ba9-fc1c-4579-84ec-4e2cf9266a7d.heart_rate.json,
2023-06-12 22:55:47.598,2023-06-12 22:57:47.831,2023-06-12 22:57:47.831,UTC-0300,dFCfDPMS7d,13a42e20-b2a9-48b3-aa36-de06c3d2ca19,com.sec.android.app.shealth,2023-06-12 22:57:47.598,29571193-e922-4c7e-9c42-36838cb9edad,29571193-e922-4c7e-9c42-36838cb9edad.heart_rate.json,
2023-06-30 23:24:34.025,2023-06-30 23:26:34.267,2023-06-30 23:26:34.267,UTC-0300,dFCfDPMS7d,e8bb1a96-9d2d-4499-9313-49da6f37f830,com.sec.android.app.shealth,2023-06-30 23:26:34.025,0fca0314-7163-45d0-8fb2-54429782b441,0fca0314-7163-45d0-8fb2-54429782b441.heart_rate.json,
2023-06-02 22:47:15.677,2023-06-02 22:49:15.803,2023-06-02 22:49:15.803,UTC-0300,dFCfDPMS7d,8dfeacb5-1147-4dd0-acd9-1b490b0596dc,com.sec.android.app.shealth,2023-06-02 22:49:15.677,a8eddb33-da7f-4c8c-9b4f-f17ae359f665,a8eddb33-da7f-4c8c-9b4f-f17ae359f665.heart_rate.json,
2023-09-20 23:03:10.511,2023-09-20 23:05:11.293,2023-09-20 23:05:11.293,UTC-0300,dFCfDPMS7d,f1369b81-4d87-4407-b8a9-8f7509caff7b,com.sec.android.app.shealth,2023-09-20 23:05:10.511,6d48f4a9-2375-44a9-960a-e91ce8aef555,6d48f4a9-2375-44a9-960a-e91ce8aef555.heart_rate.json,
2023-09-05 14:39:44.568,2023-09-05 14:41:44.800,2023-09-05 14:41:44.800,UTC-0300,dFCfDPMS7d,1d04cd52-c2b6-45e3-8867-1129ce19255b,com.sec.android.app.shealth,2023-09-05 14:41:44.568,ef3044f0-a7ef-4084-975c-544bfe304ba9,ef3044f0-a7ef-4084-975c-544bfe304ba9.heart_rate.json,
2023-08-06 17:06:54.568,2023-08-06 17:08:55.198,2023-08-06 17:08:55.198,UTC-0300,dFCfDPMS7d,94222e20-7374-408e-829c-10cdf9ae0815,com.sec.android.app.shealth,2023-08-06 17:08:54.568,b7c5b15f-7705-4fdb-9e91-999fabb91325,b7c5b15f-7705-4fdb-9e91-999fabb91325.heart_rate.json,
2023-08-17 13:16:20.424,2023-08-17 13:18:20.552,2023-08-17 13:18:20.552,UTC-0300,dFCfDPMS7d,3cb2bccd-788e-4f97-b562-734f844408cc,com.sec.android.app.shealth,2023-08-17 13:18:20.424,4e767a0e-270f-4d66-a651-9da5559cfd70,4e767a0e-270f-4d66-a651-9da5559cfd70.heart_rate.json,
2023-05-05 00:07:11.233,2023-05-05 00:09:11.343,2023-05-05 00:09:11.343,UTC-0300,dFCfDPMS7d,1bfc5119-93c7-446c-8be0-90951dea3df4,com.sec.android.app.shealth,2023-05-05 00:09:11.233,b13c1ad5-80a1-45fb-9396-8ca9832e0443,b13c1ad5-80a1-45fb-9396-8ca9832e0443.heart_rate.json,
2023-09-23 00:36:29.615,2023-09-23 00:38:29.849,2023-09-23 00:38:29.849,UTC-0300,dFCfDPMS7d,678a556a-e7a7-4cb9-b1b4-e91b2ff6875f,com.sec.android.app.shealth,2023-09-23 00:38:29.615,63685a73-ec49-46c8-9550-682128bd30a8,63685a73-ec49-46c8-9550-682128bd30a8.heart_rate.json,
2023-10-05 19:07:10.360,2023-10-05 19:09:10.490,2023-10-05 19:09:10.490,UTC-0300,dFCfDPMS7d,63d13be5-2b85-4f5b-a648-ceefc7cc4fec,com.sec.android.app.shealth,2023-10-05 19:09:10.360,431fce26-c184-40ed-921a-dcdb0df167e0,431fce26-c184-40ed-921a-dcdb0df167e0.heart_rate.json,
2023-05-07 14:47:03.984,2023-05-07 14:49:07.517,2023-05-07 14:49:07.517,UTC-0300,dFCfDPMS7d,5c0aeaa8-a404-4719-92b7-7c0bc7ad9e3a,com.sec.android.app.shealth,2023-05-07 14:49:03.984,35003bf1-e35e-4a0e-8863-4a2806e2f63b,35003bf1-e35e-4a0e-8863-4a2806e2f63b.heart_rate.json,
2023-05-01 18:32:26.606,2023-05-01 18:34:26.758,2023-05-01 18:34:26.758,UTC-0300,dFCfDPMS7d,aa789d49-bcbf-4946-9fa5-deedd9d7cc09,com.sec.android.app.shealth,2023-05-01 18:34:26.606,13069283-a61d-4e78-aee8-0e07a0e0c3e6,13069283-a61d-4e78-aee8-0e07a0e0c3e6.heart_rate.json,
2023-07-12 22:51:27.080,2023-07-12 22:53:27.307,2023-07-12 22:53:27.307,UTC-0300,dFCfDPMS7d,59e35640-3a70-4229-a886-bf764af72262,com.sec.android.app.shealth,2023-07-12 22:53:27.080,98e1e33f-63dd-4dad-8162-9ae7e1c5c1aa,98e1e33f-63dd-4dad-8162-9ae7e1c5c1aa.heart_rate.json,
2023-08-11 19:37:09.983,2023-08-11 19:39:10.204,2023-08-11 19:39:10.204,UTC-0300,dFCfDPMS7d,5ff0d210-eb37-4eaf-9c35-1aa0ab468e5a,com.sec.android.app.shealth,2023-08-11 19:39:09.983,4f053a4b-3ea3-44ee-987f-a8d2b2ecf275,4f053a4b-3ea3-44ee-987f-a8d2b2ecf275.heart_rate.json,
2023-09-24 20:18:56.371,2023-09-24 20:20:56.562,2023-09-24 20:20:56.562,UTC-0300,dFCfDPMS7d,f1377a95-9346-4201-8c8d-2453ac53f2eb,com.sec.android.app.shealth,2023-09-24 20:20:56.371,3f72c6ef-b9d7-428a-9b29-db0d05bb7660,3f72c6ef-b9d7-428a-9b29-db0d05bb7660.heart_rate.json,
2023-08-06 15:21:46.225,2023-08-06 15:23:47.233,2023-08-06 15:23:47.233,UTC-0300,dFCfDPMS7d,3120e1fc-ba56-47cc-99f3-8c8cdfde1c4f,com.sec.android.app.shealth,2023-08-06 15:23:46.225,ddf91214-6d8d-49de-821c-ac6404e037bf,ddf91214-6d8d-49de-821c-ac6404e037bf.heart_rate.json,
2023-08-11 21:24:09.755,2023-08-11 21:26:09.921,2023-08-11 21:26:09.921,UTC-0300,dFCfDPMS7d,2d9cbdc4-b60b-4d41-bf9a-417a9bdf39a6,com.sec.android.app.shealth,2023-08-11 21:26:09.755,95b60cbb-e4cd-4bba-bf91-d250290a2dfe,95b60cbb-e4cd-4bba-bf91-d250290a2dfe.heart_rate.json,
2023-07-16 20:22:48.482,2023-07-16 20:24:48.681,2023-07-16 20:24:48.681,UTC-0300,dFCfDPMS7d,15912a9a-8624-40b0-9b5c-6c9e44e3ac20,com.sec.android.app.shealth,2023-07-16 20:24:48.482,ba1bf97c-78c7-42e9-b1cd-31b4b0f67db3,ba1bf97c-78c7-42e9-b1cd-31b4b0f67db3.heart_rate.json,
2023-06-03 01:29:59.395,2023-06-03 01:31:59.419,2023-06-03 01:31:59.419,UTC-0300,dFCfDPMS7d,ac6861fd-f000-4e4c-8fd1-d2bf2c250799,com.sec.android.app.shealth,2023-06-03 01:31:59.395,1e2b01ce-18ab-4627-8606-4ea55a83e031,1e2b01ce-18ab-4627-8606-4ea55a83e031.heart_rate.json,
2023-09-28 23:59:45.001,2023-09-29 00:01:45.255,2023-09-29 00:01:45.255,UTC-0300,dFCfDPMS7d,196d93e1-9dea-44d6-a8d2-d91941927542,com.sec.android.app.shealth,2023-09-29 00:01:45.001,c4e201a0-b33a-4ce0-914c-381b78d5a4b0,c4e201a0-b33a-4ce0-914c-381b78d5a4b0.heart_rate.json,
2023-06-03 21:42:02.694,2023-06-03 21:44:03.286,2023-06-03 21:44:03.286,UTC-0300,dFCfDPMS7d,fbec0c2a-8992-4361-8c0c-4445dfa63355,com.sec.android.app.shealth,2023-06-03 21:44:02.694,8306a01e-e35a-4429-a694-ee7b6d32bf2c,8306a01e-e35a-4429-a694-ee7b6d32bf2c.heart_rate.json,
2023-09-03 19:11:20.376,2023-09-03 19:13:20.503,2023-09-03 19:13:20.503,UTC-0300,dFCfDPMS7d,7081fee9-508b-45bc-8ae3-9218cf5c18ff,com.sec.android.app.shealth,2023-09-03 19:13:20.376,e296c260-fcaf-4b9c-8eea-68961c622a43,e296c260-fcaf-4b9c-8eea-68961c622a43.heart_rate.json,
2023-09-10 20:32:13.678,2023-09-10 20:34:14.219,2023-09-10 20:34:14.219,UTC-0300,dFCfDPMS7d,50cf5aa7-4775-4b85-8d5c-9026a1e874df,com.sec.android.app.shealth,2023-09-10 20:34:13.678,a4f4469d-4de8-416f-9d0b-75adb5a373a4,a4f4469d-4de8-416f-9d0b-75adb5a373a4.heart_rate.json,
2023-08-04 00:00:11.286,2023-08-04 00:02:11.433,2023-08-04 00:02:11.433,UTC-0300,dFCfDPMS7d,7882ffb2-74db-4360-8f82-2a2ed7f18e86,com.sec.android.app.shealth,2023-08-04 00:02:11.286,49de4a35-e115-479d-9b69-c6bc5c9a1f47,49de4a35-e115-479d-9b69-c6bc5c9a1f47.heart_rate.json,
2023-05-28 20:22:09.955,2023-05-28 20:24:10.176,2023-05-28 20:24:10.176,UTC-0300,dFCfDPMS7d,79e5eda3-7c10-42e6-a197-dfc857fe9041,com.sec.android.app.shealth,2023-05-28 20:24:09.955,af387810-76b8-4d5f-ba9a-bcf20c3584e4,af387810-76b8-4d5f-ba9a-bcf20c3584e4.heart_rate.json,
2023-07-19 02:13:06.048,2023-07-19 02:15:06.208,2023-07-19 02:15:06.208,UTC-0300,dFCfDPMS7d,dbe2eb04-e4a9-4287-b2d7-b26fa586a73a,com.sec.android.app.shealth,2023-07-19 02:15:06.048,5d6f8b5d-35a9-4a30-825e-608f4a8b4203,5d6f8b5d-35a9-4a30-825e-608f4a8b4203.heart_rate.json,
2023-09-24 18:19:18.892,2023-09-24 18:21:19.229,2023-09-24 18:21:19.229,UTC-0300,dFCfDPMS7d,7890f932-6904-4ad0-9350-1a95ad02c03d,com.sec.android.app.shealth,2023-09-24 18:21:18.892,66480982-0523-429c-90b1-2d4f5cd724ec,66480982-0523-429c-90b1-2d4f5cd724ec.heart_rate.json,
2023-07-17 00:51:45.379,2023-07-17 00:53:45.463,2023-07-17 00:53:45.463,UTC-0300,dFCfDPMS7d,54721985-c67b-4610-b719-0aa1240c97b1,com.sec.android.app.shealth,2023-07-17 00:53:45.379,6a11f5a1-d924-4ff7-bf37-48c901adffd3,6a11f5a1-d924-4ff7-bf37-48c901adffd3.heart_rate.json,
2023-06-03 22:32:59.364,2023-06-03 22:34:59.587,2023-06-03 22:34:59.587,UTC-0300,dFCfDPMS7d,9e1884b5-fc95-4cf2-8aa6-a3fd8ca1d402,com.sec.android.app.shealth,2023-06-03 22:34:59.364,55f5aec0-a62b-47c7-b818-522ab6914e69,55f5aec0-a62b-47c7-b818-522ab6914e69.heart_rate.json,
2023-05-20 12:38:09.199,2023-05-20 12:40:09.310,2023-05-20 12:40:09.310,UTC-0300,dFCfDPMS7d,525bf821-b7d0-4bc8-bbf1-cf54373dd098,com.sec.android.app.shealth,2023-05-20 12:40:09.199,f58566a7-fb51-4bd2-8692-e94207967a32,f58566a7-fb51-4bd2-8692-e94207967a32.heart_rate.json,
2023-04-28 00:05:43.555,2023-04-28 00:07:43.798,2023-04-28 00:07:43.798,UTC-0300,dFCfDPMS7d,8b109282-663d-4852-b138-602c6973888f,com.sec.android.app.shealth,2023-04-28 00:07:43.555,686b1cc7-54be-4cf9-9709-9f896a0ad250,686b1cc7-54be-4cf9-9709-9f896a0ad250.heart_rate.json,
2023-05-01 00:55:09.560,2023-05-01 00:57:10.186,2023-05-01 00:57:10.186,UTC-0300,dFCfDPMS7d,72386c47-c5c0-4269-a347-15cfcc51630d,com.sec.android.app.shealth,2023-05-01 00:57:09.560,577faab3-4bb4-4841-a0f6-ebd3c061a6d1,577faab3-4bb4-4841-a0f6-ebd3c061a6d1.heart_rate.json,
2023-05-27 03:02:50.258,2023-05-27 03:04:50.438,2023-05-27 03:04:50.438,UTC-0300,dFCfDPMS7d,1e87fbe0-3ec6-4056-a566-8937f30cf377,com.sec.android.app.shealth,2023-05-27 03:04:50.258,351b203b-689e-4d40-80fc-d1276906e7e4,351b203b-689e-4d40-80fc-d1276906e7e4.heart_rate.json,
2023-08-03 00:19:39.603,2023-08-03 00:21:40.169,2023-08-03 00:21:40.169,UTC-0300,dFCfDPMS7d,93268e53-66e3-4cfa-8cd0-d7d01ae67a47,com.sec.android.app.shealth,2023-08-03 00:21:39.603,8001879a-481e-4067-9ef3-c04432fdeb94,8001879a-481e-4067-9ef3-c04432fdeb94.heart_rate.json,
2023-08-26 23:56:38.184,2023-08-26 23:58:38.359,2023-08-26 23:58:38.359,UTC-0300,dFCfDPMS7d,c46f29d8-4713-4b1c-bbd5-e6868f82bfbd,com.sec.android.app.shealth,2023-08-26 23:58:38.184,63324b1d-23d5-4345-b4dd-6a3978490674,63324b1d-23d5-4345-b4dd-6a3978490674.heart_rate.json,
2023-06-24 15:21:31.477,2023-06-24 15:23:32.259,2023-06-24 15:23:32.259,UTC-0300,dFCfDPMS7d,c677ec38-6fc3-40ec-9405-52c506f02730,com.sec.android.app.shealth,2023-06-24 15:23:31.477,81c675a8-4d48-4e54-8baf-05d1cf3e2693,81c675a8-4d48-4e54-8baf-05d1cf3e2693.heart_rate.json,
2023-08-27 19:59:13.458,2023-08-27 20:01:14.253,2023-08-27 20:01:14.253,UTC-0300,dFCfDPMS7d,020a9162-a809-4722-94d8-3b161e23e0c3,com.sec.android.app.shealth,2023-08-27 20:01:13.458,0ddd4b54-9ba7-4e16-9be6-93fbe8bc7379,0ddd4b54-9ba7-4e16-9be6-93fbe8bc7379.heart_rate.json,
2023-06-23 00:07:53.168,2023-06-23 00:09:53.538,2023-06-23 00:09:53.538,UTC-0300,dFCfDPMS7d,5b6ee75b-c096-4033-9498-fff7fcfb3987,com.sec.android.app.shealth,2023-06-23 00:09:53.168,fe8b74f0-9e06-4289-be13-f358e74a4031,fe8b74f0-9e06-4289-be13-f358e74a4031.heart_rate.json,
2023-07-29 15:04:30.371,2023-07-29 15:06:30.472,2023-07-29 15:06:30.472,UTC-0300,dFCfDPMS7d,8341ef31-f798-48df-976d-e3fed6cd272e,com.sec.android.app.shealth,2023-07-29 15:06:30.371,84f87b86-2513-4c04-9662-db6812a32278,84f87b86-2513-4c04-9662-db6812a32278.heart_rate.json,
2023-07-18 01:16:22.846,2023-07-18 01:18:23.294,2023-07-18 01:18:23.294,UTC-0300,dFCfDPMS7d,079875fa-ace2-4a20-8ab2-b517e97155c9,com.sec.android.app.shealth,2023-07-18 01:18:22.846,4763d091-c228-4173-8e40-8f228d492a95,4763d091-c228-4173-8e40-8f228d492a95.heart_rate.json,
2023-08-12 18:51:39.287,2023-08-12 18:53:39.485,2023-08-12 18:53:39.485,UTC-0300,dFCfDPMS7d,bdd236b0-6442-404e-8246-cc2f7a01bb72,com.sec.android.app.shealth,2023-08-12 18:53:39.287,16bb99bf-eeb9-49ea-adc2-574d57da15c2,16bb99bf-eeb9-49ea-adc2-574d57da15c2.heart_rate.json,
2023-08-30 22:23:33.181,2023-08-30 22:25:33.693,2023-08-30 22:25:33.693,UTC-0300,dFCfDPMS7d,ec6c5fe7-1536-4896-a673-0ee6f3ac2d79,com.sec.android.app.shealth,2023-08-30 22:25:33.181,f16b43d0-0c3a-4c34-994e-9f6520b94e4d,f16b43d0-0c3a-4c34-994e-9f6520b94e4d.heart_rate.json,
2023-05-01 22:07:47.466,2023-05-01 22:09:47.636,2023-05-01 22:09:47.636,UTC-0300,dFCfDPMS7d,e98cc785-c7cf-4208-ae4b-677f1a7f8c80,com.sec.android.app.shealth,2023-05-01 22:09:47.466,b4c1e355-b8ba-4673-a586-67b92bb287d9,b4c1e355-b8ba-4673-a586-67b92bb287d9.heart_rate.json,
2023-09-22 22:48:33.826,2023-09-22 22:50:34.200,2023-09-22 22:50:34.200,UTC-0300,dFCfDPMS7d,740ab41e-cef2-45d3-8ab9-188f0deb17aa,com.sec.android.app.shealth,2023-09-22 22:50:33.826,c6bcb3f2-3d7b-4ff5-a084-e2c5a864a438,c6bcb3f2-3d7b-4ff5-a084-e2c5a864a438.heart_rate.json,
2023-09-18 21:04:19.368,2023-09-18 21:06:19.500,2023-09-18 21:06:19.500,UTC-0300,dFCfDPMS7d,5e311134-daf7-45ee-a950-68cf35971d19,com.sec.android.app.shealth,2023-09-18 21:06:19.368,69bc5dbf-9e72-4317-8233-4b8af7fbc433,69bc5dbf-9e72-4317-8233-4b8af7fbc433.heart_rate.json,
2023-05-01 19:22:09.643,2023-05-01 19:24:09.972,2023-05-01 19:24:09.972,UTC-0300,dFCfDPMS7d,2d57fb36-4eee-47f3-8b59-eef23545a095,com.sec.android.app.shealth,2023-05-01 19:24:09.643,8b335df6-de0f-4daa-bac3-9d4746ac329d,8b335df6-de0f-4daa-bac3-9d4746ac329d.heart_rate.json,
2023-09-03 20:56:01.887,2023-09-03 20:58:02.180,2023-09-03 20:58:02.180,UTC-0300,dFCfDPMS7d,7f36ef72-68e7-4bb6-98d3-9d5e9930b3d0,com.sec.android.app.shealth,2023-09-03 20:58:01.887,35037c55-e33c-4c66-a136-512694089c97,35037c55-e33c-4c66-a136-512694089c97.heart_rate.json,
2023-07-24 21:41:58.734,2023-07-24 21:43:59.226,2023-07-24 21:43:59.226,UTC-0300,dFCfDPMS7d,b5f60872-950c-4b94-9eb8-5c3a6b7c4a45,com.sec.android.app.shealth,2023-07-24 21:43:58.734,4638eba1-5028-430d-99e8-48f512e3787d,4638eba1-5028-430d-99e8-48f512e3787d.heart_rate.json,
2023-06-25 14:09:10.725,2023-06-25 14:11:10.891,2023-06-25 14:11:10.891,UTC-0300,dFCfDPMS7d,bbcb52a4-e28d-4223-baeb-12118bcc8f49,com.sec.android.app.shealth,2023-06-25 14:11:10.725,5e6a26d0-6035-4651-9a5e-c85538dddc47,5e6a26d0-6035-4651-9a5e-c85538dddc47.heart_rate.json,
2023-06-08 00:03:03.007,2023-06-08 00:05:03.232,2023-06-08 00:05:03.232,UTC-0300,dFCfDPMS7d,2fec0b4f-58b6-4ca4-9837-6a2316884e61,com.sec.android.app.shealth,2023-06-08 00:05:03.007,c2dcf41f-1312-48c0-b527-28fa79d5f7cb,c2dcf41f-1312-48c0-b527-28fa79d5f7cb.heart_rate.json,
2023-08-16 16:44:05.074,2023-08-16 16:46:05.143,2023-08-16 16:46:05.143,UTC-0300,dFCfDPMS7d,2299ea45-1a6a-4986-bd1d-09e6fd91df14,com.sec.android.app.shealth,2023-08-16 16:46:05.074,08bf9c22-7e8c-45cd-a4fc-57c72e25e8aa,08bf9c22-7e8c-45cd-a4fc-57c72e25e8aa.heart_rate.json,
2023-08-28 21:50:44.119,2023-08-28 21:52:44.203,2023-08-28 21:52:44.203,UTC-0300,dFCfDPMS7d,970a996b-1da8-47d7-9ef3-709bb7d63457,com.sec.android.app.shealth,2023-08-28 21:52:44.119,87be9957-2714-4291-ab86-c80bd4c582cb,87be9957-2714-4291-ab86-c80bd4c582cb.heart_rate.json,
2023-08-03 02:06:46.755,2023-08-03 02:08:46.966,2023-08-03 02:08:46.966,UTC-0300,dFCfDPMS7d,069fbc07-7846-4676-808e-83a85b7d96c1,com.sec.android.app.shealth,2023-08-03 02:08:46.755,cd77c379-e34f-4246-a49b-0cf0d47bd9a0,cd77c379-e34f-4246-a49b-0cf0d47bd9a0.heart_rate.json,
2023-08-17 14:25:58.909,2023-08-17 14:27:59.101,2023-08-17 14:27:59.101,UTC-0300,dFCfDPMS7d,57c7813c-4407-4559-a2c1-3aec5676e58d,com.sec.android.app.shealth,2023-08-17 14:27:58.909,e0000204-f81d-47da-b73f-27fcf787c919,e0000204-f81d-47da-b73f-27fcf787c919.heart_rate.json,
2023-06-21 22:50:30.117,2023-06-21 22:52:30.190,2023-06-21 22:52:30.190,UTC-0300,dFCfDPMS7d,64ba32e1-1197-4d32-b9b9-67635c9f3cf4,com.sec.android.app.shealth,2023-06-21 22:52:30.117,000ed90e-0a96-4965-96f0-3ba88635bf70,000ed90e-0a96-4965-96f0-3ba88635bf70.heart_rate.json,
2023-06-03 15:58:40.610,2023-06-03 16:00:41.270,2023-06-03 16:00:41.270,UTC-0300,dFCfDPMS7d,8073b855-6304-45b6-a6b9-773287f35f16,com.sec.android.app.shealth,2023-06-03 16:00:40.610,ae91dc22-58a7-4ebf-b302-e27282a397cb,ae91dc22-58a7-4ebf-b302-e27282a397cb.heart_rate.json,
2023-08-26 19:08:55.929,2023-08-26 19:10:56.187,2023-08-26 19:10:56.187,UTC-0300,dFCfDPMS7d,45592f8b-1b57-4279-87be-e95986dad5b7,com.sec.android.app.shealth,2023-08-26 19:10:55.929,4b3a1b91-e61c-41c0-bcf2-3de9a52e2f03,4b3a1b91-e61c-41c0-bcf2-3de9a52e2f03.heart_rate.json,
2023-10-01 02:15:38.321,2023-10-01 02:17:38.430,2023-10-01 02:17:38.430,UTC-0300,dFCfDPMS7d,c88b3fd8-153e-403d-a160-f016ec916ffa,com.sec.android.app.shealth,2023-10-01 02:17:38.321,e396a4a0-9ee2-423c-ae13-f554a7fd9bf5,e396a4a0-9ee2-423c-ae13-f554a7fd9bf5.heart_rate.json,
2023-05-27 01:57:33.187,2023-05-27 01:59:33.347,2023-05-27 01:59:33.347,UTC-0300,dFCfDPMS7d,83755125-34b3-4f55-a403-8d6998e4a719,com.sec.android.app.shealth,2023-05-27 01:59:33.187,be8e950d-2fed-4287-afe9-d9ecbeb548b1,be8e950d-2fed-4287-afe9-d9ecbeb548b1.heart_rate.json,
2023-07-29 16:21:34.242,2023-07-29 16:23:34.426,2023-07-29 16:23:34.426,UTC-0300,dFCfDPMS7d,87cc8460-4562-4f73-a882-b6622356a911,com.sec.android.app.shealth,2023-07-29 16:23:34.242,dfad0739-be7c-417f-95a3-5c0aa1b8a3fe,dfad0739-be7c-417f-95a3-5c0aa1b8a3fe.heart_rate.json,
2023-05-27 00:26:21.363,2023-05-27 00:28:22.193,2023-05-27 00:28:22.193,UTC-0300,dFCfDPMS7d,e1983bcd-caa9-4256-a1a0-fe9d6a77de98,com.sec.android.app.shealth,2023-05-27 00:28:21.363,af115961-596d-4c15-b605-c86ef4a73421,af115961-596d-4c15-b605-c86ef4a73421.heart_rate.json,
2023-09-10 21:54:11.044,2023-09-10 21:56:11.251,2023-09-10 21:56:11.251,UTC-0300,dFCfDPMS7d,922aba5e-2161-4b11-843f-f52f8c00359a,com.sec.android.app.shealth,2023-09-10 21:56:11.044,bcd21304-6290-4010-a367-6c9587a3a8cf,bcd21304-6290-4010-a367-6c9587a3a8cf.heart_rate.json,
2023-05-28 20:57:12.538,2023-05-28 20:59:12.705,2023-05-28 20:59:12.705,UTC-0300,dFCfDPMS7d,4e25c3ed-46bb-421b-a4f2-d560a25a6036,com.sec.android.app.shealth,2023-05-28 20:59:12.538,53474e6e-fedf-43e4-911d-3b42cd0fd932,53474e6e-fedf-43e4-911d-3b42cd0fd932.heart_rate.json,
2023-08-12 21:40:10.060,2023-08-12 21:42:10.162,2023-08-12 21:42:10.162,UTC-0300,dFCfDPMS7d,67fe89c4-23e5-43d3-9709-9ed4cc027209,com.sec.android.app.shealth,2023-08-12 21:42:10.060,bc1a961e-6dbf-426f-a40a-a08947af6f0d,bc1a961e-6dbf-426f-a40a-a08947af6f0d.heart_rate.json,
2023-05-27 13:09:48.570,2023-05-27 13:11:48.700,2023-05-27 13:11:48.700,UTC-0300,dFCfDPMS7d,64a649ad-755e-4bb9-ae7d-51c4e8aa88f3,com.sec.android.app.shealth,2023-05-27 13:11:48.570,a944ad5a-8f10-49ef-8e48-58ca73ada0d5,a944ad5a-8f10-49ef-8e48-58ca73ada0d5.heart_rate.json,
2023-09-24 19:03:30.809,2023-09-24 19:05:31.028,2023-09-24 19:05:31.028,UTC-0300,dFCfDPMS7d,faacd4a7-c6d1-47fc-85fd-961f102dd325,com.sec.android.app.shealth,2023-09-24 19:05:30.809,de3fc997-3673-406b-a782-82ae59d5826d,de3fc997-3673-406b-a782-82ae59d5826d.heart_rate.json,
2023-07-01 21:58:35.707,2023-07-01 22:00:36.219,2023-07-01 22:00:36.219,UTC-0300,dFCfDPMS7d,4f2bc5e6-4eb8-4ef2-ab4f-3b16f01412ea,com.sec.android.app.shealth,2023-07-01 22:00:35.707,4ed0aba7-2c02-4773-a3eb-66e70e44823c,4ed0aba7-2c02-4773-a3eb-66e70e44823c.heart_rate.json,
2023-07-21 22:59:06.149,2023-07-21 23:01:08.328,2023-07-21 23:01:08.328,UTC-0300,dFCfDPMS7d,ada51a8c-bfec-4959-93a4-4de2fca1b9fb,com.sec.android.app.shealth,2023-07-21 23:01:06.149,984c5b63-7bab-4b1a-bdc2-f03123310af2,984c5b63-7bab-4b1a-bdc2-f03123310af2.heart_rate.json,
2023-06-07 21:40:28.367,2023-06-07 21:40:50.637,2023-06-07 21:40:50.637,UTC-0300,dFCfDPMS7d,ff3159ab-6dad-4185-958d-e387d65d4fca,com.sec.android.app.shealth,2023-06-07 21:40:50.564,396322b8-8fed-47a2-a874-fff2c27bd2fe,396322b8-8fed-47a2-a874-fff2c27bd2fe.heart_rate.json,
2023-08-16 19:02:12.048,2023-08-16 19:02:40.145,2023-08-16 19:02:40.145,UTC-0300,dFCfDPMS7d,260d4e5a-b78f-4a6f-9d48-57300ab286fb,com.sec.android.app.shealth,2023-08-16 19:02:40.100,21fde4bf-6a8a-4ca6-96ff-eca6e030a29c,21fde4bf-6a8a-4ca6-96ff-eca6e030a29c.heart_rate.json,
2023-05-12 23:45:22.483,2023-05-12 23:47:22.644,2023-05-12 23:47:22.644,UTC-0300,dFCfDPMS7d,2c8e6416-3a05-4ba8-a7a8-707920ad0532,com.sec.android.app.shealth,2023-05-12 23:47:22.483,a6aa2015-d9d7-434e-8c42-aec59b6bf97a,a6aa2015-d9d7-434e-8c42-aec59b6bf97a.heart_rate.json,
2023-05-02 23:50:34.772,2023-05-02 23:52:34.927,2023-05-02 23:52:34.927,UTC-0300,dFCfDPMS7d,664d39c4-266d-4eb5-ac20-5e4e50455a78,com.sec.android.app.shealth,2023-05-02 23:52:34.772,2cf6f079-4019-4d62-afe2-952b374ff001,2cf6f079-4019-4d62-afe2-952b374ff001.heart_rate.json,
2023-06-17 16:27:07.587,2023-06-17 16:29:08.254,2023-06-17 16:29:08.254,UTC-0300,dFCfDPMS7d,92881300-2083-4031-9a8d-65590f3d513c,com.sec.android.app.shealth,2023-06-17 16:29:07.587,48b9374f-b20f-49fd-a2bc-3ba02086d493,48b9374f-b20f-49fd-a2bc-3ba02086d493.heart_rate.json,
2023-07-06 23:59:51.963,2023-07-07 00:01:52.145,2023-07-07 00:01:52.145,UTC-0300,dFCfDPMS7d,1e9da0bd-4d81-4931-a13e-dc542ca7fc8d,com.sec.android.app.shealth,2023-07-07 00:01:51.963,6c994ed3-b726-4ca0-a0e1-12b571fc7203,6c994ed3-b726-4ca0-a0e1-12b571fc7203.heart_rate.json,
2022-12-14 23:06:13.144,2022-12-14 23:06:23.731,2022-12-14 23:06:23.731,UTC-0300,2l9vD+Aay/,d269214a-599e-421b-b624-b2fb07879940,com.sec.android.app.shealth,2022-12-14 23:06:23.722,4f9658c8-1a40-4d7f-9dc5-d8cb7e916ef2,4f9658c8-1a40-4d7f-9dc5-d8cb7e916ef2.heart_rate.json,
2023-07-08 22:49:55.458,2023-07-08 22:51:56.174,2023-07-08 22:51:56.174,UTC-0300,dFCfDPMS7d,b69ab25e-b5c0-4e67-b799-2c83def6d6aa,com.sec.android.app.shealth,2023-07-08 22:51:55.458,5cb04123-858c-407e-8b34-9d372a76b251,5cb04123-858c-407e-8b34-9d372a76b251.heart_rate.json,
2023-08-28 20:08:47.836,2023-08-28 20:10:47.933,2023-08-28 20:10:47.933,UTC-0300,dFCfDPMS7d,131c2a71-6e56-4100-8a6a-648bac6bde25,com.sec.android.app.shealth,2023-08-28 20:10:47.836,df069ad1-b14e-4735-9d5d-19f0edcae7cf,df069ad1-b14e-4735-9d5d-19f0edcae7cf.heart_rate.json,
2023-04-30 20:05:55.646,2023-04-30 20:07:55.941,2023-04-30 20:07:55.941,UTC-0300,dFCfDPMS7d,67558b56-2ef5-49e9-8fa5-f06d4b5863cc,com.sec.android.app.shealth,2023-04-30 20:07:55.646,6a421f4e-be60-4b6f-b25e-096718b51247,6a421f4e-be60-4b6f-b25e-096718b51247.heart_rate.json,
2023-09-19 22:43:37.373,2023-09-19 22:45:38.202,2023-09-19 22:45:38.202,UTC-0300,dFCfDPMS7d,2c134ebb-c848-4dee-9bfe-b5dd3df22f18,com.sec.android.app.shealth,2023-09-19 22:45:37.373,35680b71-3c9f-46ab-8d3a-6de6241774f5,35680b71-3c9f-46ab-8d3a-6de6241774f5.heart_rate.json,
2023-08-21 20:34:26.268,2023-08-21 20:36:26.403,2023-08-21 20:36:26.403,UTC-0300,dFCfDPMS7d,d919295a-d054-4f08-9e07-3f7111c79e5f,com.sec.android.app.shealth,2023-08-21 20:36:26.268,82b0a590-6a42-406f-9144-f46875bba3f2,82b0a590-6a42-406f-9144-f46875bba3f2.heart_rate.json,
2023-08-16 15:31:48.601,2023-08-16 15:33:49.250,2023-08-16 15:33:49.250,UTC-0300,dFCfDPMS7d,d5c044bc-dc56-4751-86f7-c43d2bdf47df,com.sec.android.app.shealth,2023-08-16 15:33:48.601,70388a35-5614-465f-a42d-320f1eb51e28,70388a35-5614-465f-a42d-320f1eb51e28.heart_rate.json,
2023-05-21 13:41:38.175,2023-05-21 13:43:38.373,2023-05-21 13:43:38.373,UTC-0300,dFCfDPMS7d,f480b00b-01b9-4847-90d3-4c64a6f42ccb,com.sec.android.app.shealth,2023-05-21 13:43:38.175,a9b8f5a5-7c3e-45f5-ab95-3b98016d34a3,a9b8f5a5-7c3e-45f5-ab95-3b98016d34a3.heart_rate.json,
2023-07-27 23:58:04.923,2023-07-28 00:00:05.328,2023-07-28 00:00:05.328,UTC-0300,dFCfDPMS7d,4349339c-02f0-43f2-ab8a-2696fb1cda8a,com.sec.android.app.shealth,2023-07-28 00:00:04.923,4ca2b3c7-53f6-42ba-bf8b-71e712e256ca,4ca2b3c7-53f6-42ba-bf8b-71e712e256ca.heart_rate.json,
2022-12-21 20:16:19.997,2022-12-21 20:18:11.204,2022-12-21 20:18:11.204,UTC-0300,2l9vD+Aay/,9568a30a-fcfd-44c0-b7a2-7bb340cf2a55,com.sec.android.app.shealth,2022-12-21 20:18:11.099,77a313e8-89b1-4f79-9a62-694707a08a6e,77a313e8-89b1-4f79-9a62-694707a08a6e.heart_rate.json,
2023-08-18 22:25:48.790,2023-08-18 22:27:49.235,2023-08-18 22:27:49.235,UTC-0300,dFCfDPMS7d,1939baf9-3b66-413e-96fc-0d2bf1beb0d6,com.sec.android.app.shealth,2023-08-18 22:27:48.790,44a92a5e-5f6e-4d42-9258-d39586e1d8c2,44a92a5e-5f6e-4d42-9258-d39586e1d8c2.heart_rate.json,
2023-07-09 21:59:02.866,2023-07-09 22:01:10.381,2023-07-09 22:01:10.381,UTC-0300,dFCfDPMS7d,9096e856-cd5e-47c9-a2ac-d8aee1d4b3d9,com.sec.android.app.shealth,2023-07-09 22:01:02.866,10c3abe1-1475-4976-965b-2b6e5e7aae16,10c3abe1-1475-4976-965b-2b6e5e7aae16.heart_rate.json,
2023-05-30 11:12:52.769,2023-05-30 11:14:57.773,2023-05-30 11:14:57.773,UTC-0300,dFCfDPMS7d,b6a2b569-91e7-4684-b1df-b813d751e460,com.sec.android.app.shealth,2023-05-30 11:14:52.769,c02c4f22-aaaf-492c-a240-f4e425dc4703,c02c4f22-aaaf-492c-a240-f4e425dc4703.heart_rate.json,
2022-12-22 00:25:07.173,2022-12-22 00:27:07.332,2022-12-22 00:27:07.332,UTC-0300,2l9vD+Aay/,826de4bd-5dbb-4f1e-9f4a-bebf8810ab67,com.sec.android.app.shealth,2022-12-22 00:27:07.173,e1d237c9-7b39-4efb-9e2a-bcfedd3257c7,e1d237c9-7b39-4efb-9e2a-bcfedd3257c7.heart_rate.json,
2023-06-25 18:44:56.106,2023-06-25 18:46:56.324,2023-06-25 18:46:56.324,UTC-0300,dFCfDPMS7d,735a6b31-f5ae-489a-8d3c-f466f06af6c8,com.sec.android.app.shealth,2023-06-25 18:46:56.106,f30fe267-297b-4547-a42b-4d88e43c5607,f30fe267-297b-4547-a42b-4d88e43c5607.heart_rate.json,
2022-12-24 12:02:53.356,2022-12-24 12:04:53.461,2022-12-24 12:04:53.461,UTC-0300,2l9vD+Aay/,9d8cf226-eba0-4d4b-a0bd-a34b450c2a36,com.sec.android.app.shealth,2022-12-24 12:04:53.356,f6d56cb8-82d3-4486-9f55-8ea0f7d830b3,f6d56cb8-82d3-4486-9f55-8ea0f7d830b3.heart_rate.json,
2023-07-22 18:36:17.429,2023-07-22 18:38:17.542,2023-07-22 18:38:17.542,UTC-0300,dFCfDPMS7d,c32eef9d-1eb2-4878-a999-3a6814a60516,com.sec.android.app.shealth,2023-07-22 18:38:17.429,7d925461-9e9b-4f91-9236-e5e72fd6f999,7d925461-9e9b-4f91-9236-e5e72fd6f999.heart_rate.json,
2023-08-12 20:28:56.705,2023-08-12 20:30:56.860,2023-08-12 20:30:56.860,UTC-0300,dFCfDPMS7d,3733f452-8fa7-4ae7-b20e-1bf56c6d6e5e,com.sec.android.app.shealth,2023-08-12 20:30:56.705,20421b43-6ec8-4b33-9bda-d1904ff8fe8b,20421b43-6ec8-4b33-9bda-d1904ff8fe8b.heart_rate.json,
2023-06-03 18:37:22.027,2023-06-03 18:37:47.723,2023-06-03 18:37:47.723,UTC-0300,dFCfDPMS7d,47d0ddf3-6543-4052-8c11-8716cc7ff03d,com.sec.android.app.shealth,2023-06-03 18:37:47.682,67feaa01-8891-463d-83dd-223524f7162d,67feaa01-8891-463d-83dd-223524f7162d.heart_rate.json,
2023-01-01 20:32:19.061,2023-01-01 20:34:19.207,2023-01-01 20:34:19.207,UTC-0300,2l9vD+Aay/,fab7f5b7-7d6b-41b6-9882-1cf55263f91f,com.sec.android.app.shealth,2023-01-01 20:34:19.061,2abbd371-af24-4558-b41e-4bd4395773dc,2abbd371-af24-4558-b41e-4bd4395773dc.heart_rate.json,
2023-06-15 23:38:18.537,2023-06-15 23:38:32.430,2023-06-15 23:38:32.430,UTC-0300,dFCfDPMS7d,be5d3070-36c4-4cc7-9426-4125d4108302,com.sec.android.app.shealth,2023-06-15 23:38:32.319,06dd6f53-6067-4965-85b2-a75b6ec93b14,06dd6f53-6067-4965-85b2-a75b6ec93b14.heart_rate.json,
2023-01-06 22:37:42.451,2023-01-06 22:39:42.432,2023-01-06 22:39:42.432,UTC-0300,2l9vD+Aay/,4fc8a6b4-edde-4d3d-bdec-507e96953ad0,com.sec.android.app.shealth,2023-01-06 22:39:42.409,9ea07334-6d43-42fd-8764-24c212981969,9ea07334-6d43-42fd-8764-24c212981969.heart_rate.json,
2023-08-07 22:13:49.363,2023-08-07 22:15:49.510,2023-08-07 22:15:49.510,UTC-0300,dFCfDPMS7d,b34af1bc-0f1e-46ea-9adc-b326f4de0a01,com.sec.android.app.shealth,2023-08-07 22:15:49.363,ef9ca925-ab1b-498e-b8d6-13b75f847a78,ef9ca925-ab1b-498e-b8d6-13b75f847a78.heart_rate.json,
2023-09-24 17:34:01.257,2023-09-24 17:36:01.451,2023-09-24 17:36:01.451,UTC-0300,dFCfDPMS7d,902faa6d-f236-475c-b769-7fe3934ed575,com.sec.android.app.shealth,2023-09-24 17:36:01.257,ac9d22af-6315-43bf-9e12-b24e878afd39,ac9d22af-6315-43bf-9e12-b24e878afd39.heart_rate.json,
2023-01-14 23:00:40.158,2023-01-14 23:02:40.247,2023-01-14 23:02:40.247,UTC-0300,2l9vD+Aay/,956c2968-b83d-4c24-80ba-6e875249ec53,com.sec.android.app.shealth,2023-01-14 23:02:40.158,d4b8c341-8c80-4858-bd00-6dc11a51b4b7,d4b8c341-8c80-4858-bd00-6dc11a51b4b7.heart_rate.json,
2023-01-20 11:39:39.529,2023-01-20 11:41:39.716,2023-01-20 11:41:39.716,UTC-0300,2l9vD+Aay/,7b87da1d-03c9-4fb7-960d-7520b7197f94,com.sec.android.app.shealth,2023-01-20 11:41:39.529,3d9f31d9-85b3-4adc-bdd1-c7d7291786f4,3d9f31d9-85b3-4adc-bdd1-c7d7291786f4.heart_rate.json,
2023-01-29 13:59:03.394,2023-01-29 14:01:03.434,2023-01-29 14:01:03.434,UTC-0300,2l9vD+Aay/,226e2618-e5c3-4c32-bfb8-ffc517aaa398,com.sec.android.app.shealth,2023-01-29 14:01:03.394,f0d24f90-d8ba-4050-960a-06e2b2298c46,f0d24f90-d8ba-4050-960a-06e2b2298c46.heart_rate.json,
2023-02-08 22:43:49.236,2023-02-08 22:45:49.358,2023-02-08 22:45:49.358,UTC-0300,2l9vD+Aay/,ccdde33c-3192-499e-88e6-9df7578fa079,com.sec.android.app.shealth,2023-02-08 22:45:49.236,349ecaf9-5960-4d06-87f2-117b96dfe526,349ecaf9-5960-4d06-87f2-117b96dfe526.heart_rate.json,
2023-02-14 23:57:55.101,2023-02-14 23:59:55.201,2023-02-14 23:59:55.201,UTC-0300,2l9vD+Aay/,cf1492c2-95bd-4305-bbaa-d91842c2516a,com.sec.android.app.shealth,2023-02-14 23:59:55.101,74fe4a10-0970-43e3-bb53-d4f5bc46af9b,74fe4a10-0970-43e3-bb53-d4f5bc46af9b.heart_rate.json,
2023-02-26 20:17:28.660,2023-02-26 20:19:29.220,2023-02-26 20:19:29.220,UTC-0300,2l9vD+Aay/,32d293b8-8bcb-4295-9454-5fa29026c8ab,com.sec.android.app.shealth,2023-02-26 20:19:28.660,5a55b582-194a-44cd-b1b5-14b20ebc908c,5a55b582-194a-44cd-b1b5-14b20ebc908c.heart_rate.json,
2023-03-06 22:27:51.914,2023-03-06 22:29:52.265,2023-03-06 22:29:52.265,UTC-0300,2l9vD+Aay/,c26d2675-55ce-456f-b868-055d52fa3b28,com.sec.android.app.shealth,2023-03-06 22:29:51.914,5cf9f7f9-e8e4-4626-b04b-2db46d5dd90b,5cf9f7f9-e8e4-4626-b04b-2db46d5dd90b.heart_rate.json,
2023-03-10 23:09:27.142,2023-03-10 23:11:28.176,2023-03-10 23:11:28.176,UTC-0300,2l9vD+Aay/,4115ebd9-c38e-4259-86a0-bd754dc36928,com.sec.android.app.shealth,2023-03-10 23:11:27.142,f2457dc0-db9f-4c98-9145-956edc36e352,f2457dc0-db9f-4c98-9145-956edc36e352.heart_rate.json,
2023-03-15 23:16:59.606,2023-03-15 23:18:59.943,2023-03-15 23:18:59.943,UTC-0300,2l9vD+Aay/,4698acf4-58cf-4a49-b030-bfe6edea9a41,com.sec.android.app.shealth,2023-03-15 23:18:59.606,f8f6bf4f-cce4-4197-9f4f-0b9aa13d8317,f8f6bf4f-cce4-4197-9f4f-0b9aa13d8317.heart_rate.json,
2023-03-19 21:53:00.096,2023-03-19 21:53:22.206,2023-03-19 21:53:22.206,UTC-0300,2l9vD+Aay/,4595382a-c334-4398-b8d4-796b9919c30d,com.sec.android.app.shealth,2023-03-19 21:53:22.157,3b9b3193-e13b-4247-91de-7d2f9f585b06,3b9b3193-e13b-4247-91de-7d2f9f585b06.heart_rate.json,
2023-03-22 01:17:00.108,2023-03-22 01:19:00.211,2023-03-22 01:19:00.211,UTC-0300,2l9vD+Aay/,90a1618d-d9c1-4dda-8316-3987c9a8a75d,com.sec.android.app.shealth,2023-03-22 01:19:00.108,c90ee18b-49b2-48d0-ac6a-2a77934065bf,c90ee18b-49b2-48d0-ac6a-2a77934065bf.heart_rate.json,
2023-03-24 22:48:58.527,2023-03-24 22:50:58.652,2023-03-24 22:50:58.652,UTC-0300,2l9vD+Aay/,e3bd4d71-ab74-48ff-a0b3-f10c09c700cd,com.sec.android.app.shealth,2023-03-24 22:50:58.527,e9e6b5c8-0113-4ecb-a90e-efc2bb3dfc19,e9e6b5c8-0113-4ecb-a90e-efc2bb3dfc19.heart_rate.json,
2023-03-28 23:09:06.940,2023-03-28 23:11:07.097,2023-03-28 23:11:07.097,UTC-0300,2l9vD+Aay/,2beb6a8f-26a5-4430-9aed-4f47034f73bb,com.sec.android.app.shealth,2023-03-28 23:11:06.940,61c53702-5951-4650-8a51-5089df3b2539,61c53702-5951-4650-8a51-5089df3b2539.heart_rate.json,
2023-04-02 01:53:24.479,2023-04-02 01:55:24.690,2023-04-02 01:55:24.690,UTC-0300,2l9vD+Aay/,7f7db5d5-4f5d-4ab6-b9fd-18eac15b5298,com.sec.android.app.shealth,2023-04-02 01:55:24.479,b569f5f1-8ab0-4488-8115-779107eaf0a1,b569f5f1-8ab0-4488-8115-779107eaf0a1.heart_rate.json,
2023-04-04 23:54:21.333,2023-04-04 23:56:21.917,2023-04-04 23:56:21.917,UTC-0300,2l9vD+Aay/,d062c350-34b5-4f24-b69a-2b700c63159d,com.sec.android.app.shealth,2023-04-04 23:56:21.333,b38b5126-784f-4195-966e-58ed3be390aa,b38b5126-784f-4195-966e-58ed3be390aa.heart_rate.json,
2023-04-12 22:59:40.596,2023-04-12 23:01:40.706,2023-04-12 23:01:40.706,UTC-0300,dFCfDPMS7d,dddbfedc-94e2-4d44-b4b4-35f123588103,com.sec.android.app.shealth,2023-04-12 23:01:40.596,88ebdff2-afa1-48b9-98c5-ce9b7e509472,88ebdff2-afa1-48b9-98c5-ce9b7e509472.heart_rate.json,
2023-04-14 23:13:38.562,2023-04-14 23:15:44.922,2023-04-14 23:15:44.922,UTC-0300,dFCfDPMS7d,21730fd3-3bfd-4baf-b6cb-0d0cc8b6cbc1,com.sec.android.app.shealth,2023-04-14 23:15:38.562,330ffa38-eb41-4f78-9cf0-0e7240cc45ba,330ffa38-eb41-4f78-9cf0-0e7240cc45ba.heart_rate.json,
2023-04-21 22:06:26.013,2023-04-21 22:08:26.232,2023-04-21 22:08:26.232,UTC-0300,dFCfDPMS7d,17def497-693b-4985-a732-4dafe1911d3c,com.sec.android.app.shealth,2023-04-21 22:08:26.013,deea6eb3-19a4-4f2c-9f40-1ed7f06fd888,deea6eb3-19a4-4f2c-9f40-1ed7f06fd888.heart_rate.json,
2023-04-22 20:48:41.290,2023-04-22 20:50:41.418,2023-04-22 20:50:41.418,UTC-0300,dFCfDPMS7d,b11f79a1-5f41-4d50-84a8-d8ff6b315eff,com.sec.android.app.shealth,2023-04-22 20:50:41.290,921499af-9505-4875-880c-78ba6000ef09,921499af-9505-4875-880c-78ba6000ef09.heart_rate.json,
2023-04-22 23:33:36.006,2023-04-22 23:35:36.356,2023-04-22 23:35:36.356,UTC-0300,dFCfDPMS7d,73483ca7-2ea8-46af-9c78-201f9ec01644,com.sec.android.app.shealth,2023-04-22 23:35:36.006,1b6518e7-d110-416f-984e-247befc4d7a1,1b6518e7-d110-416f-984e-247befc4d7a1.heart_rate.json,
2023-07-20 23:59:41.131,2023-07-21 00:01:41.225,2023-07-21 00:01:41.225,UTC-0300,dFCfDPMS7d,e8b5ac53-31aa-4c30-9ce7-4170d6b681e0,com.sec.android.app.shealth,2023-07-21 00:01:41.131,ff305a55-92ab-4668-ae56-997c749e5632,ff305a55-92ab-4668-ae56-997c749e5632.heart_rate.json,
2023-08-15 22:03:46.189,2023-08-15 22:05:46.304,2023-08-15 22:05:46.304,UTC-0300,dFCfDPMS7d,e0283cfd-ebf1-44b6-900e-7dc925876d85,com.sec.android.app.shealth,2023-08-15 22:05:46.189,02b717e5-918f-4845-8164-4cbf72d633f0,02b717e5-918f-4845-8164-4cbf72d633f0.heart_rate.json,
2023-09-08 20:41:00.719,2023-09-08 20:43:01.214,2023-09-08 20:43:01.214,UTC-0300,dFCfDPMS7d,5385bcfe-8e29-46f3-8fd8-e213b9803639,com.sec.android.app.shealth,2023-09-08 20:43:00.719,5f1c3af6-c01b-4b08-99d4-c848b4ea833e,5f1c3af6-c01b-4b08-99d4-c848b4ea833e.heart_rate.json,
2023-08-23 21:18:54.669,2023-08-23 21:20:54.818,2023-08-23 21:20:54.818,UTC-0300,dFCfDPMS7d,6786acfe-05e6-4690-9c3b-7b22257db25a,com.sec.android.app.shealth,2023-08-23 21:20:54.669,7431e170-4eb7-478f-957c-3b8d68b201e8,7431e170-4eb7-478f-957c-3b8d68b201e8.heart_rate.json,
2023-07-25 00:56:57.156,2023-07-25 00:58:57.256,2023-07-25 00:58:57.256,UTC-0300,dFCfDPMS7d,0f03604b-be3a-45a0-a130-c2ba7eb73c22,com.sec.android.app.shealth,2023-07-25 00:58:57.156,535974b9-cb0b-4d4d-887d-02500e73d7ca,535974b9-cb0b-4d4d-887d-02500e73d7ca.heart_rate.json,
2023-06-12 21:29:52.793,2023-06-12 21:31:52.990,2023-06-12 21:31:52.990,UTC-0300,dFCfDPMS7d,1ec27fa0-6bbc-40ee-abf3-c829a5455ddc,com.sec.android.app.shealth,2023-06-12 21:31:52.793,ccd75cf0-3f5d-49ed-87a9-23073d4a18ce,ccd75cf0-3f5d-49ed-87a9-23073d4a18ce.heart_rate.json,
2023-07-18 20:23:52.999,2023-07-18 20:25:53.201,2023-07-18 20:25:53.201,UTC-0300,dFCfDPMS7d,a5dca36b-3904-4f4a-bb1a-c984d0793741,com.sec.android.app.shealth,2023-07-18 20:25:52.999,f45a90fc-196a-4cf9-97c4-75b067d94996,f45a90fc-196a-4cf9-97c4-75b067d94996.heart_rate.json,
2023-09-23 00:07:01.648,2023-09-23 00:09:02.208,2023-09-23 00:09:02.208,UTC-0300,dFCfDPMS7d,44fc26a7-1ed8-43b9-a698-5aac9e51a816,com.sec.android.app.shealth,2023-09-23 00:09:01.648,baf10a1e-3f2b-49b7-b26f-28263b32b630,baf10a1e-3f2b-49b7-b26f-28263b32b630.heart_rate.json,
2023-07-08 22:05:15.535,2023-07-08 22:07:15.725,2023-07-08 22:07:15.725,UTC-0300,dFCfDPMS7d,66ed225f-d7bf-49c7-b079-4dae5b86a865,com.sec.android.app.shealth,2023-07-08 22:07:15.535,0a125e3b-aebf-4dc1-9228-c656912250af,0a125e3b-aebf-4dc1-9228-c656912250af.heart_rate.json,
2023-06-06 23:59:23.917,2023-06-07 00:01:24.293,2023-06-07 00:01:24.293,UTC-0300,dFCfDPMS7d,f6c432d8-22ef-4be0-b4bc-3d44ca075338,com.sec.android.app.shealth,2023-06-07 00:01:23.917,ae07faae-fa09-4b34-a10e-e15d63a92623,ae07faae-fa09-4b34-a10e-e15d63a92623.heart_rate.json,
2023-08-30 23:46:29.493,2023-08-30 23:48:29.930,2023-08-30 23:48:29.930,UTC-0300,dFCfDPMS7d,44ca59a0-d554-413c-99de-2081fff41b5c,com.sec.android.app.shealth,2023-08-30 23:48:29.493,c2af1f23-e2f3-40b9-81a3-0c641cc64b96,c2af1f23-e2f3-40b9-81a3-0c641cc64b96.heart_rate.json,
2023-05-19 00:04:08.740,2023-05-19 00:06:10.401,2023-05-19 00:06:10.401,UTC-0300,dFCfDPMS7d,fc65898b-e5b1-48cd-a42f-3f2306d4f15a,com.sec.android.app.shealth,2023-05-19 00:06:08.740,4ffcf01c-703b-4a90-8aa8-c5afe74d2ceb,4ffcf01c-703b-4a90-8aa8-c5afe74d2ceb.heart_rate.json,
2023-06-11 18:44:40.909,2023-06-11 18:46:41.244,2023-06-11 18:46:41.244,UTC-0300,dFCfDPMS7d,fea09f11-efd7-4495-86be-d1da3282a5df,com.sec.android.app.shealth,2023-06-11 18:46:40.909,92f06314-687e-45be-8365-34aa798ae6a3,92f06314-687e-45be-8365-34aa798ae6a3.heart_rate.json,
2023-06-08 13:16:53.366,2023-06-08 13:18:53.491,2023-06-08 13:18:53.491,UTC-0300,dFCfDPMS7d,aa904e4e-5a21-47c2-9858-4269243b4575,com.sec.android.app.shealth,2023-06-08 13:18:53.366,1bfa2ce9-1cba-4aa6-bc1d-52152b271be8,1bfa2ce9-1cba-4aa6-bc1d-52152b271be8.heart_rate.json,
2023-04-29 15:47:05.406,2023-04-29 15:49:05.503,2023-04-29 15:49:05.503,UTC-0300,dFCfDPMS7d,7df9488b-989e-447f-a7b7-11df1fd7f17a,com.sec.android.app.shealth,2023-04-29 15:49:05.406,d9d3eb35-b510-48a2-8075-7501e63852ab,d9d3eb35-b510-48a2-8075-7501e63852ab.heart_rate.json,
2023-08-08 19:48:28.194,2023-08-08 19:50:29.204,2023-08-08 19:50:29.204,UTC-0300,dFCfDPMS7d,7e236ead-7ea2-4208-b8cd-971a9a9fa5d0,com.sec.android.app.shealth,2023-08-08 19:50:28.194,944dae34-d062-463e-ab56-b276084f5e42,944dae34-d062-463e-ab56-b276084f5e42.heart_rate.json,
2023-09-26 23:59:15.354,2023-09-27 00:01:15.441,2023-09-27 00:01:15.441,UTC-0300,dFCfDPMS7d,d99d574c-47d3-4881-b697-60805669b0d2,com.sec.android.app.shealth,2023-09-27 00:01:15.354,70d0dbd4-3e7d-4183-a176-4140274e477d,70d0dbd4-3e7d-4183-a176-4140274e477d.heart_rate.json,
2023-07-24 23:25:39.324,2023-07-24 23:25:57.601,2023-07-24 23:25:57.601,UTC-0300,dFCfDPMS7d,ea0ab430-73d0-49c3-a5bf-6bb563fdc29c,com.sec.android.app.shealth,2023-07-24 23:25:57.528,2aeae911-42d4-4106-9317-83660e87661e,2aeae911-42d4-4106-9317-83660e87661e.heart_rate.json,
2023-04-30 23:30:42.012,2023-04-30 23:32:42.260,2023-04-30 23:32:42.260,UTC-0300,dFCfDPMS7d,af63c6fe-9aec-4b60-835b-f457a25be370,com.sec.android.app.shealth,2023-04-30 23:32:42.012,47433f00-9fc0-406b-b736-5a4a0666c690,47433f00-9fc0-406b-b736-5a4a0666c690.heart_rate.json,
2023-05-20 17:41:43.484,2023-05-20 17:43:43.622,2023-05-20 17:43:43.622,UTC-0300,dFCfDPMS7d,159b2df7-3737-4043-a08d-5b1275563e79,com.sec.android.app.shealth,2023-05-20 17:43:43.484,58f6db90-9069-41dd-9922-88f948e91385,58f6db90-9069-41dd-9922-88f948e91385.heart_rate.json,
2023-05-20 14:03:12.165,2023-05-20 14:05:12.279,2023-05-20 14:05:12.279,UTC-0300,dFCfDPMS7d,5b12eb22-ca29-4189-a760-5eca468d0810,com.sec.android.app.shealth,2023-05-20 14:05:12.165,4931d7ea-4482-4621-9891-4feb26be0a09,4931d7ea-4482-4621-9891-4feb26be0a09.heart_rate.json,
2023-08-02 23:39:28.331,2023-08-02 23:41:28.433,2023-08-02 23:41:28.433,UTC-0300,dFCfDPMS7d,4bf28396-3105-420f-9df1-0ee663bb3952,com.sec.android.app.shealth,2023-08-02 23:41:28.331,9160a287-fb06-410d-ae35-62def42402b2,9160a287-fb06-410d-ae35-62def42402b2.heart_rate.json,
2023-09-20 17:34:42.998,2023-09-20 17:36:43.083,2023-09-20 17:36:43.083,UTC-0300,dFCfDPMS7d,f56b3973-3c81-4b04-9ec6-856e0d434995,com.sec.android.app.shealth,2023-09-20 17:36:42.998,3ea0d383-f592-4cd1-9a2a-82166cd21fea,3ea0d383-f592-4cd1-9a2a-82166cd21fea.heart_rate.json,
2023-08-12 22:43:46.367,2023-08-12 22:45:46.566,2023-08-12 22:45:46.566,UTC-0300,dFCfDPMS7d,27d2435d-5977-4248-9dd3-a3e0b1239fc4,com.sec.android.app.shealth,2023-08-12 22:45:46.367,42ca901f-e154-46b5-9195-d7cdc47d5291,42ca901f-e154-46b5-9195-d7cdc47d5291.heart_rate.json,
2023-07-08 19:46:22.515,2023-07-08 19:48:22.551,2023-07-08 19:48:22.551,UTC-0300,dFCfDPMS7d,29e29357-6b42-4106-8f1a-8395a6d9bad3,com.sec.android.app.shealth,2023-07-08 19:48:22.515,0b7f4d17-cbde-4edd-a87b-e7ea4f554784,0b7f4d17-cbde-4edd-a87b-e7ea4f554784.heart_rate.json,
2023-07-19 20:11:28.633,2023-07-19 20:13:28.758,2023-07-19 20:13:28.758,UTC-0300,dFCfDPMS7d,7045ff9f-7eaf-4371-94fc-3a49f0a29be3,com.sec.android.app.shealth,2023-07-19 20:13:28.633,b08e7812-bdfc-447e-9498-37fd9482dfc4,b08e7812-bdfc-447e-9498-37fd9482dfc4.heart_rate.json,
2023-09-23 21:20:29.646,2023-09-23 21:22:29.809,2023-09-23 21:22:29.809,UTC-0300,dFCfDPMS7d,57341d95-bbd5-43e9-ba4b-643938cd8b41,com.sec.android.app.shealth,2023-09-23 21:22:29.646,36902a47-1d73-4b85-b3ff-ba968f4350ba,36902a47-1d73-4b85-b3ff-ba968f4350ba.heart_rate.json,
