com.samsung.shealth.food_frequent,6233003,1
eveningsnack_count,update_time,create_time,morningsnack_count,dinner_count,breakfast_count,deviceuuid,pkg_name,afternoonsnack_count,datauuid,food_info_id,lunch_count
0.0,2018-09-10 21:09:15.352,2018-09-10 21:09:15.352,0.0,0.0,0.0,zjIwstRrv1,com.sec.android.app.shealth,1.0,dab19838-16a2-4f89-a50f-2650cda64b98,d43b415c-dc16-4e52-95f1-06dd0d06d42f,0.0,
0.0,2023-04-12 14:22:33.108,2023-04-12 14:22:33.108,0.0,0.0,0.0,xoyixJvqZs,com.sec.android.app.shealth,0.0,0c68c3c5-597a-4f0f-ad13-2750593932cf,659f4f44-87cf-4223-b2e7-c41d5a9bb994,2.0,
0.0,2023-09-16 03:23:13.916,2023-04-12 14:22:33.119,0.0,4.0,0.0,xoyixJvqZs,com.sec.android.app.shealth,0.0,4e198ab3-c237-44c7-bcf6-c1363e74dda6,f790f382-6461-434d-ba42-72123a8be87f,0.0,
0.0,2018-09-12 11:27:12.925,2018-09-08 01:57:16.629,1.0,0.0,0.0,zjIwstRrv1,com.sec.android.app.shealth,1.0,b6b8764a-0cbd-41f4-9624-ea6bbc9b2222,meal_removed,0.0,
0.0,2023-09-30 13:02:29.630,2023-04-12 14:22:33.137,0.0,0.0,5.0,xoyixJvqZs,com.sec.android.app.shealth,3.0,ffb042ab-89ab-4607-87f8-2a98a761eb79,eda71e27-19c3-4236-bc2c-1ba9cb7804e3,0.0,
0.0,2023-04-12 14:22:33.108,2023-04-12 14:22:33.108,0.0,1.0,0.0,xoyixJvqZs,com.sec.android.app.shealth,0.0,fcaf4476-f0f9-4381-8e4f-eb22fcae0f87,fa3e6dc1-59d7-4946-8679-2814beb88f8d,0.0,
0.0,2023-04-12 14:22:33.122,2023-04-12 14:22:33.122,1.0,0.0,3.0,xoyixJvqZs,com.sec.android.app.shealth,0.0,67cb33fe-625e-4093-ad3b-7073e4c5b84d,626b0886-d9bc-49df-b0a9-d40dee479cd9,1.0,
1.0,2023-09-25 14:04:44.884,2023-04-12 14:22:33.117,6.0,0.0,0.0,xoyixJvqZs,com.sec.android.app.shealth,1.0,62080ddf-24c6-4750-8053-597969f68580,c236138c-f8e1-4134-b5f0-797939b89bf1,0.0,
0.0,2018-09-10 21:09:15.376,2018-09-10 21:09:15.376,0.0,0.0,0.0,zjIwstRrv1,com.sec.android.app.shealth,1.0,ad645373-8ebd-4a3f-aa9a-15fe0212a8ee,989cdad8-be72-461f-97d3-8befe9eda46c,0.0,
0.0,2023-04-12 14:22:33.116,2023-04-12 14:22:33.116,0.0,1.0,0.0,xoyixJvqZs,com.sec.android.app.shealth,1.0,321d3e26-2962-445a-b9e0-d93b76e887e3,a085a43c-4834-41aa-bd67-875e6948f84b,2.0,
0.0,2023-04-12 14:22:33.117,2023-04-12 14:22:33.117,0.0,0.0,0.0,xoyixJvqZs,com.sec.android.app.shealth,1.0,b4372e32-30de-4366-ab92-f5fd48befa8d,6db97a85-28e9-49a2-8444-7053ba0cfdb5,0.0,
0.0,2023-09-22 16:14:06.030,2023-04-12 14:22:33.118,0.0,1.0,0.0,xoyixJvqZs,com.sec.android.app.shealth,0.0,e359d208-9d16-44e8-9378-a7ce063f37cd,6b934e34-8e10-4493-9ba4-9ed059d3de41,1.0,
0.0,2023-04-12 14:22:33.121,2023-04-12 14:22:33.121,0.0,0.0,0.0,xoyixJvqZs,com.sec.android.app.shealth,0.0,ff5d1ca9-5461-4396-ba6c-32cdb356f644,bbe60192-2f84-4b75-83e8-d47092acc68f,1.0,
0.0,2023-04-12 14:22:33.118,2023-04-12 14:22:33.118,0.0,0.0,0.0,xoyixJvqZs,com.sec.android.app.shealth,1.0,fc260954-def6-4a53-9744-48e3b3943cd0,9141fb3d-9827-4a43-9609-0c9e2f52a61b,0.0,
0.0,2023-04-12 14:22:33.117,2023-04-12 14:22:33.117,0.0,0.0,0.0,xoyixJvqZs,com.sec.android.app.shealth,0.0,a57ba68b-0c88-4905-b678-98140d25070e,ac8d21c6-4d23-4da1-8621-eecd5d859697,1.0,
0.0,2023-04-12 14:22:33.118,2023-04-12 14:22:33.118,0.0,0.0,0.0,xoyixJvqZs,com.sec.android.app.shealth,0.0,9923ce42-eb8e-4fb1-9085-4138ef125528,212a8117-eb22-46ad-8185-8d751879c7aa,1.0,
0.0,2023-04-12 14:22:33.137,2023-04-12 14:22:33.137,0.0,0.0,3.0,xoyixJvqZs,com.sec.android.app.shealth,0.0,a7861091-fb97-4752-89e9-551f45bd5178,eb168420-c041-4e4e-8fcd-2a8db1d482e3,0.0,
1.0,2023-09-29 14:25:29.789,2023-04-12 14:22:33.119,8.0,0.0,0.0,xoyixJvqZs,com.sec.android.app.shealth,1.0,b4fea37e-299d-4ba0-852d-d31ca6de351b,cf551b63-9548-41dc-8bde-7f3aa278b4cc,0.0,
0.0,2023-10-05 16:30:36.248,2023-04-12 14:22:33.117,0.0,1.0,0.0,xoyixJvqZs,com.sec.android.app.shealth,0.0,96f00cbc-c710-41cb-bd18-aeb2d93d3b69,7cd741dc-2c98-4513-a7cf-5a81b0b32754,24.0,
0.0,2023-04-12 14:22:33.117,2023-04-12 14:22:33.117,0.0,0.0,0.0,xoyixJvqZs,com.sec.android.app.shealth,0.0,af12080d-0433-4eab-8827-aa0f730e3096,8008807b-197e-40fe-abbf-bf630b4c083b,1.0,
0.0,2023-04-12 14:22:33.118,2023-04-12 14:22:33.118,0.0,0.0,1.0,xoyixJvqZs,com.sec.android.app.shealth,0.0,7687a452-355c-4e2c-aefb-e8ca46610653,6f5d09ab-e162-433a-b417-c474225a3dac,0.0,
0.0,2023-04-12 14:22:33.117,2023-04-12 14:22:33.117,0.0,0.0,1.0,xoyixJvqZs,com.sec.android.app.shealth,0.0,47cf49de-fc24-468f-94d6-e19918ed7998,493ee9ce-5d26-496a-9124-757644b39e95,0.0,
0.0,2023-04-12 14:22:33.117,2023-04-12 14:22:33.117,0.0,1.0,0.0,xoyixJvqZs,com.sec.android.app.shealth,0.0,ce58a117-d060-44a8-ba17-eaaa9bf8caa0,3dc74b37-caf1-42e7-add3-59944aabfe4f,0.0,
0.0,2023-10-05 16:30:36.343,2023-04-12 14:22:33.119,0.0,0.0,0.0,xoyixJvqZs,com.sec.android.app.shealth,0.0,6272c6ab-e2d8-491b-a420-413b0110243d,fc3c9761-b05b-46f1-a31f-e2d3d8f06a84,2.0,
0.0,2023-04-12 14:22:33.108,2023-04-12 14:22:33.108,0.0,1.0,0.0,xoyixJvqZs,com.sec.android.app.shealth,0.0,973e2df0-1e3e-43ff-b257-10b66ebccfc5,347174b3-c7c2-4687-8cfa-ecaabdf45b5c,0.0,
0.0,2023-04-12 14:22:33.119,2023-04-12 14:22:33.119,0.0,0.0,0.0,xoyixJvqZs,com.sec.android.app.shealth,1.0,6159ec8b-3bb7-44e7-8702-3c14e2840113,3eb6be1f-dc0e-41fd-a526-c1a71c3e8e65,0.0,
0.0,2023-08-22 22:39:56.597,2023-04-12 14:22:33.109,0.0,1.0,0.0,xoyixJvqZs,com.sec.android.app.shealth,0.0,d3e1a3f5-909a-4635-b3d3-f96b7f5d6c8d,b4472fc8-2b22-40df-9069-be7da3e64041,1.0,
0.0,2023-09-24 00:46:31.508,2023-04-12 14:22:33.119,0.0,2.0,0.0,xoyixJvqZs,com.sec.android.app.shealth,0.0,8a0e198c-0f0a-41da-be67-bdb807308ad0,f1351dea-de13-415f-b2ed-b5e220f78ae3,0.0,
0.0,2018-09-11 00:56:27.902,2018-09-11 00:56:27.902,0.0,1.0,0.0,zjIwstRrv1,com.sec.android.app.shealth,0.0,7290027d-0aa8-4a12-8ebc-8c053f8e70ec,c534c8e7-5533-4da4-82a6-254015758d6a,0.0,
0.0,2023-04-12 14:22:33.136,2023-04-12 14:22:33.136,0.0,0.0,0.0,xoyixJvqZs,com.sec.android.app.shealth,0.0,44a0ce6b-54b5-4c14-b8d0-8c6ca11b2f8c,f8a73b6c-9f29-4e72-ad72-ad3aa82b9cc3,1.0,
0.0,2023-04-12 14:22:33.119,2023-04-12 14:22:33.119,0.0,0.0,0.0,xoyixJvqZs,com.sec.android.app.shealth,1.0,67b2ed76-324b-4135-aa14-80183690aea9,ce2f922b-d610-48e3-91b1-9e5887bc3f7b,0.0,
0.0,2023-09-08 16:52:45.810,2023-04-12 14:22:33.118,0.0,1.0,0.0,xoyixJvqZs,com.sec.android.app.shealth,0.0,0b2856bc-52da-4f16-a49e-50b26ad684d5,a84e37ce-e432-4932-ba54-0b3be2a383ef,1.0,
0.0,2023-04-12 14:22:33.137,2023-04-12 14:22:33.137,0.0,0.0,0.0,xoyixJvqZs,com.sec.android.app.shealth,0.0,f544d6d4-6870-43f2-92bf-7bb431954213,1d78f9a7-cb1f-47e4-83d4-b4921ea9e329,1.0,
0.0,2023-09-07 23:13:11.247,2023-04-12 14:22:33.119,1.0,1.0,9.0,xoyixJvqZs,com.sec.android.app.shealth,6.0,fe62aa35-2fd9-40b3-ba2f-f3d0ee61ec3e,c5936c0c-8c30-4a54-a98e-7588ea3f8fc0,0.0,
1.0,2023-09-07 12:33:06.376,2023-04-12 14:22:33.119,0.0,0.0,1.0,xoyixJvqZs,com.sec.android.app.shealth,1.0,bd580967-3a25-4c8e-9e2a-ece08a40784a,0f46eb86-c617-46da-9133-9e1447f0c8a4,0.0,
0.0,2023-04-12 14:22:33.117,2023-04-12 14:22:33.117,0.0,1.0,0.0,xoyixJvqZs,com.sec.android.app.shealth,0.0,155558c4-60bf-42d7-b78b-401557149eba,d216a797-5273-4ac2-b521-22e87ec90107,0.0,
0.0,2023-04-12 14:22:33.134,2023-04-12 14:22:33.134,0.0,0.0,0.0,xoyixJvqZs,com.sec.android.app.shealth,0.0,d80ce41d-ff88-4506-b007-bdd09dd65647,af1ac178-841b-4207-8777-badea949cfdc,1.0,
0.0,2023-04-12 14:22:33.122,2023-04-12 14:22:33.122,0.0,0.0,0.0,xoyixJvqZs,com.sec.android.app.shealth,0.0,b70b91b9-d45d-4bcc-bd19-6a2a27b82375,03ec9c27-965c-481c-ba3a-3e814cb7e6b6,2.0,
0.0,2023-04-12 14:22:33.136,2023-04-12 14:22:33.136,2.0,0.0,0.0,xoyixJvqZs,com.sec.android.app.shealth,0.0,7ca847d6-0532-4ee2-bc35-0833026cff79,7866a672-8336-482c-8b37-98373311b341,0.0,
0.0,2023-04-12 14:22:33.122,2023-04-12 14:22:33.122,0.0,0.0,0.0,xoyixJvqZs,com.sec.android.app.shealth,0.0,acec48b1-1c7e-4292-aaba-a662f9acfed6,6bc0aec0-f5c6-44f9-a009-983a6fe7a2da,2.0,
0.0,2023-04-12 14:22:33.108,2023-04-12 14:22:33.108,0.0,0.0,0.0,xoyixJvqZs,com.sec.android.app.shealth,0.0,496a06af-af06-4cb0-ac37-46d9d1a42691,5165e8c9-fb81-4e36-b968-4923c3676e07,1.0,
0.0,2023-04-12 14:22:33.118,2023-04-12 14:22:33.118,0.0,0.0,0.0,xoyixJvqZs,com.sec.android.app.shealth,1.0,4192c2b6-498c-4c41-8e62-944f39fabe3a,5adc9e37-9870-4e45-9ff1-263fc1c102ef,2.0,
0.0,2023-09-16 03:23:14.084,2023-04-12 14:22:33.137,0.0,5.0,0.0,xoyixJvqZs,com.sec.android.app.shealth,0.0,bed3fad7-3efe-4238-b15f-7a1f0de6791d,7c4bd148-79ee-464b-83ae-98c25ebf60e1,0.0,
0.0,2023-04-12 14:22:33.136,2023-04-12 14:22:33.136,0.0,0.0,0.0,xoyixJvqZs,com.sec.android.app.shealth,0.0,a1148522-9d8b-4ce6-83ae-90e0eb2f273e,d1d5b59a-bdd5-4e0a-9046-3cd1175e5ca9,1.0,
0.0,2023-04-12 14:22:33.108,2023-04-12 14:22:33.108,0.0,0.0,0.0,xoyixJvqZs,com.sec.android.app.shealth,1.0,8f2ec0fb-5aad-48d8-8476-0f7f9227e189,0a80c97e-8d65-4414-86c5-e6da518a3a94,0.0,
0.0,2023-10-05 16:30:36.329,2023-04-12 14:22:33.136,0.0,1.0,0.0,xoyixJvqZs,com.sec.android.app.shealth,0.0,ba1a18cc-476d-4b74-9133-e9a9c3273665,1edd7814-1aff-4a69-959a-763fd8f06299,14.0,
0.0,2023-04-12 14:22:33.119,2023-04-12 14:22:33.119,0.0,0.0,0.0,xoyixJvqZs,com.sec.android.app.shealth,0.0,a73d0204-0e89-4514-b515-460e5fd36d40,1c3bc4bf-e958-43be-a5d4-bb708a892d4a,1.0,
0.0,2023-04-12 14:22:33.117,2023-04-12 14:22:33.117,0.0,1.0,0.0,xoyixJvqZs,com.sec.android.app.shealth,0.0,667db868-34bd-4987-b66d-0476e8a3e2e1,cd0283d6-45ca-4bdf-97aa-0fdffdc0a0dd,0.0,
0.0,2023-09-07 12:33:06.313,2023-04-12 14:22:33.117,0.0,0.0,5.0,xoyixJvqZs,com.sec.android.app.shealth,0.0,fffe2382-d81c-4c96-ae2a-719fd10be0c3,f258bb56-cea3-4bef-a11e-2a607ed20f94,1.0,
0.0,2023-09-02 00:52:30.831,2023-04-12 14:22:33.137,0.0,2.0,0.0,xoyixJvqZs,com.sec.android.app.shealth,0.0,7146928f-92d4-4297-8e69-7e875d559d90,0b97dd1e-ccb7-4d2d-bcd8-419d796ac3d9,0.0,
0.0,2023-04-12 14:22:33.137,2023-04-12 14:22:33.137,0.0,0.0,3.0,xoyixJvqZs,com.sec.android.app.shealth,0.0,e54e129b-0cfb-48ac-b2df-479371008086,594345dc-6abf-45af-b1d2-900a241a9d70,0.0,
1.0,2023-10-03 16:26:31.056,2023-04-12 14:22:33.137,0.0,5.0,0.0,xoyixJvqZs,com.sec.android.app.shealth,0.0,befcc340-2c71-4119-84d2-196f7f8a6bf4,4841ee55-dc4d-4e64-a7d9-8ff62941ff25,9.0,
1.0,2023-09-10 23:12:59.698,2023-04-12 14:22:33.117,4.0,0.0,0.0,xoyixJvqZs,com.sec.android.app.shealth,1.0,f423bc3b-37a7-45df-b484-000b53ec8eae,229ba80a-cdf1-42cc-860b-ce6dc30a0dc7,0.0,
0.0,2023-10-05 16:30:36.261,2023-04-12 14:22:33.118,0.0,0.0,0.0,xoyixJvqZs,com.sec.android.app.shealth,0.0,7757018e-00bf-45a1-9653-48ac0de3476e,1804f321-10b6-4c47-bc38-d49d8bf0cbf6,11.0,
0.0,2023-08-26 16:01:09.254,2023-04-12 14:22:33.117,0.0,0.0,0.0,xoyixJvqZs,com.sec.android.app.shealth,0.0,ac2d972b-daf2-4c65-9aee-be8a65cf5c06,7e48dc9e-ee25-4d62-9f74-510c82ed777d,3.0,
0.0,2023-04-12 14:22:33.119,2023-04-12 14:22:33.119,0.0,0.0,2.0,xoyixJvqZs,com.sec.android.app.shealth,0.0,bc8ce40d-0bbb-4920-8cac-24ce416f0708,baed6dc0-39cc-4448-be35-26ddb0384cb9,0.0,
0.0,2023-09-21 16:22:12.086,2023-04-12 14:22:33.119,0.0,4.0,0.0,xoyixJvqZs,com.sec.android.app.shealth,0.0,fe510d14-7c69-4968-b145-ceeb8387fa4a,f932ad76-2ab4-4da9-afdb-ecda57609a39,3.0,
0.0,2023-09-24 00:46:31.530,2023-04-12 14:22:33.117,0.0,3.0,0.0,xoyixJvqZs,com.sec.android.app.shealth,0.0,da8a5f8c-6c07-4674-a7a8-e9874eac2c56,28077fc9-28b2-46c0-8ff2-b705f291dc3d,0.0,
0.0,2023-04-12 14:22:33.119,2023-04-12 14:22:33.119,0.0,1.0,0.0,xoyixJvqZs,com.sec.android.app.shealth,0.0,70ae6a63-a888-4493-97aa-dfd2ee4d12c8,3e3b53de-6b83-4418-a3dc-e5f4f9ee7d4d,1.0,
0.0,2023-09-11 12:40:28.812,2023-04-12 14:22:33.119,0.0,1.0,0.0,xoyixJvqZs,com.sec.android.app.shealth,0.0,590caa41-f11e-4567-9489-315a4fab7995,34a6ff5e-3567-4b9f-ac81-6a9c26d2ad7f,1.0,
0.0,2023-09-17 20:01:05.594,2023-04-12 14:22:33.117,0.0,0.0,0.0,xoyixJvqZs,com.sec.android.app.shealth,0.0,e0097fdf-ac53-470f-adc6-daab0ea65df4,bbd8319f-419f-40f0-9081-da6df37d1114,6.0,
0.0,2023-09-05 12:55:33.659,2023-04-12 14:22:33.137,0.0,0.0,4.0,xoyixJvqZs,com.sec.android.app.shealth,0.0,cd67dbc3-b625-4b11-a8f1-1c2312d5577e,2e6f6e24-58b3-4b6c-979b-43c7b84ca502,0.0,
0.0,2023-10-05 16:30:36.292,2023-04-12 14:22:33.117,0.0,0.0,0.0,xoyixJvqZs,com.sec.android.app.shealth,0.0,fa70ec47-c6dd-41f0-94c0-5196872de0b0,99058d47-f604-490a-8271-ca92df67af66,4.0,
0.0,2023-08-23 16:12:15.633,2023-08-23 16:12:15.633,0.0,0.0,0.0,xoyixJvqZs,com.sec.android.app.shealth,0.0,804cb0cc-a94f-4595-8fd9-2f0ff0c3ef5a,46b04b29-7258-4dbf-a99e-7bb8cde62d9d,1.0,
0.0,2023-04-12 14:22:33.119,2023-04-12 14:22:33.119,0.0,0.0,0.0,xoyixJvqZs,com.sec.android.app.shealth,1.0,9bf3d3f0-b3fb-464d-85b0-4ab83baad0b8,680437bf-0d1f-498f-ae62-5dff9bf1356b,0.0,
0.0,2023-09-15 17:28:57.635,2023-04-12 14:22:33.122,0.0,0.0,0.0,xoyixJvqZs,com.sec.android.app.shealth,0.0,100cf3de-5ef8-4eac-8e4b-f54c75ef50e0,054e9386-d447-4df9-848d-46014225be77,6.0,
0.0,2023-04-12 14:22:33.136,2023-04-12 14:22:33.136,0.0,0.0,0.0,xoyixJvqZs,com.sec.android.app.shealth,1.0,8a39ec0b-6866-40ed-938b-ea4411dbf450,1e29d6e8-4257-4816-984c-ed7d5ece203e,0.0,
0.0,2023-08-24 23:42:16.721,2023-08-24 23:42:16.721,0.0,1.0,0.0,xoyixJvqZs,com.sec.android.app.shealth,0.0,a742c2e5-1c6e-44e0-b585-7c75e35bb4ee,703f3019-ac24-47bd-b3b9-935b8a8e2393,0.0,
0.0,2023-09-30 13:02:29.614,2023-08-27 23:57:01.100,0.0,3.0,6.0,xoyixJvqZs,com.sec.android.app.shealth,1.0,82882a70-d160-4a0b-a1f6-5fd82392f199,beb91d09-bb47-4b90-89eb-6ba66b850743,0.0,
0.0,2023-04-12 14:22:33.108,2023-04-12 14:22:33.108,0.0,0.0,0.0,xoyixJvqZs,com.sec.android.app.shealth,1.0,6762e229-ed40-4f06-8ee2-ba7407faecb2,bdb1e0f6-5d74-407b-a461-a6600199e648,0.0,
0.0,2023-08-31 16:10:48.092,2023-08-31 16:10:48.092,0.0,0.0,0.0,xoyixJvqZs,com.sec.android.app.shealth,0.0,5412f542-2eb1-42a9-b91e-bff023d389b7,2b5b71d1-f03d-4a49-b4d9-707832eda5f5,1.0,
0.0,2023-04-12 14:22:33.122,2023-04-12 14:22:33.122,0.0,0.0,0.0,xoyixJvqZs,com.sec.android.app.shealth,1.0,e88478a6-5195-4bb1-b6c8-a236d524dbbc,f1952dec-53da-479a-ab64-65741eefe190,0.0,
1.0,2023-09-18 02:20:07.427,2023-09-18 02:20:07.427,0.0,0.0,0.0,xoyixJvqZs,com.sec.android.app.shealth,0.0,6bbb3b56-8da5-4e6c-8c9c-e72840fc3cf5,e36135e5-44aa-4e2b-9041-437613b81fc6,0.0,
0.0,2023-04-12 14:22:33.137,2023-04-12 14:22:33.137,0.0,0.0,1.0,xoyixJvqZs,com.sec.android.app.shealth,0.0,6ea698ca-dac6-445b-a83c-51bad7644d6d,bd5fb1a9-a9d7-4f0c-89ec-a80cf76f6682,0.0,
0.0,2023-04-12 14:22:33.137,2023-04-12 14:22:33.137,0.0,0.0,0.0,xoyixJvqZs,com.sec.android.app.shealth,0.0,1d0427aa-88f1-48c9-a2d0-24dedc78c841,f996f973-3626-44f9-a558-f80220a44634,1.0,
0.0,2023-10-06 00:45:58.700,2023-10-06 00:45:58.700,0.0,1.0,0.0,xoyixJvqZs,com.sec.android.app.shealth,0.0,e74ad8c6-980e-4062-9a73-2edf2be12184,e4465d47-b025-4e55-a221-be7fdce00fa1,0.0,
0.0,2023-09-06 20:02:02.179,2023-09-06 20:02:02.179,0.0,0.0,0.0,xoyixJvqZs,com.sec.android.app.shealth,0.0,96628569-9e4f-4a85-a062-e49afb4df4a8,305e5f75-6cdb-40d0-8aeb-a1823f14dabf,1.0,
0.0,2023-10-05 16:30:36.218,2023-04-12 14:22:33.117,0.0,1.0,0.0,xoyixJvqZs,com.sec.android.app.shealth,0.0,5f06aee9-dc09-4f92-b48a-5f5722533175,5d82ab8d-f0a3-4e1e-b88e-c4fea3300b84,23.0,
0.0,2023-04-12 14:22:33.137,2023-04-12 14:22:33.137,0.0,0.0,4.0,xoyixJvqZs,com.sec.android.app.shealth,0.0,a2913669-8e59-47de-86e5-dbfd47c73aad,aea342a0-029a-40e5-9d69-1cbfcb2cfcf5,0.0,
0.0,2023-08-24 23:42:16.771,2023-08-24 23:42:16.771,0.0,1.0,0.0,xoyixJvqZs,com.sec.android.app.shealth,0.0,a6ecab5e-9328-4557-9791-b9aee914d065,fa629f67-1dbd-4631-97ce-2d86419bbf09,0.0,
0.0,2023-09-07 12:33:06.361,2023-04-12 14:22:33.117,0.0,2.0,3.0,xoyixJvqZs,com.sec.android.app.shealth,0.0,4a21aa88-e376-4939-b2bb-fa49089d592a,4f9fecde-d6ad-4cd4-810f-cc2414c1b52c,0.0,
0.0,2023-10-04 23:12:06.078,2023-09-28 00:52:02.283,0.0,2.0,0.0,xoyixJvqZs,com.sec.android.app.shealth,0.0,6b653361-ecd2-45da-9d10-f10b010bcdb2,fb446a69-67c3-4904-a5dd-a3251b0e65db,0.0,
0.0,2023-04-12 14:22:33.137,2023-04-12 14:22:33.137,0.0,0.0,0.0,xoyixJvqZs,com.sec.android.app.shealth,2.0,41f5887c-1db8-4df8-88ac-76a4a3351278,c1c9b804-1e27-44ce-81b7-9c330c53bacf,0.0,
0.0,2023-09-02 20:57:18.478,2023-09-02 20:57:18.478,0.0,0.0,0.0,xoyixJvqZs,com.sec.android.app.shealth,1.0,dc5eceda-485b-4797-820c-cb29f43c4082,2d48ec35-813b-467a-8faf-de1dce4ea077,0.0,
0.0,2023-10-05 16:30:36.276,2023-04-12 14:22:33.108,0.0,2.0,0.0,xoyixJvqZs,com.sec.android.app.shealth,0.0,0941b893-27a7-4471-9d10-a0833d31ee49,45c22f3c-3efa-4666-a695-624cbff0b07f,17.0,
0.0,2023-09-29 01:14:33.969,2023-04-12 14:22:33.108,0.0,5.0,0.0,xoyixJvqZs,com.sec.android.app.shealth,0.0,c4bf3bbb-69fa-46d1-b78c-be0888815565,f7caf7ad-bb69-4c8d-8119-2c7c7e4c9d49,0.0,
0.0,2023-09-21 03:10:49.465,2023-09-03 00:12:39.481,0.0,2.0,0.0,xoyixJvqZs,com.sec.android.app.shealth,0.0,ab0d7b4d-8c5b-4920-8d93-b8a33a4ad9e5,ed10ed9c-7ab0-4732-a73a-9308ab22c07e,0.0,
0.0,2023-10-06 12:28:59.613,2023-04-12 14:22:33.122,0.0,0.0,36.0,xoyixJvqZs,com.sec.android.app.shealth,0.0,90df634b-d8a4-4c50-8fa9-0928afb21941,853f3365-cf2f-4b8e-af88-23aa401f1e0e,0.0,
0.0,2023-08-29 00:56:21.301,2023-08-23 23:49:34.234,0.0,3.0,0.0,xoyixJvqZs,com.sec.android.app.shealth,0.0,e445ec12-90a6-457f-9562-6faa2652e609,bb7d39ce-dc12-4251-97d7-ad925cf7a5dc,0.0,
0.0,2023-04-12 14:22:33.118,2023-04-12 14:22:33.118,0.0,1.0,0.0,xoyixJvqZs,com.sec.android.app.shealth,0.0,bca428fe-caa5-4ed4-823a-ca84cb0e3456,a5a421c8-2289-4be8-abc0-49a96e34e89b,0.0,
0.0,2023-08-21 16:34:41.684,2023-08-21 16:34:41.684,0.0,0.0,0.0,xoyixJvqZs,com.sec.android.app.shealth,0.0,f3cdcc8e-a2a9-46e6-8471-c79ad103a96b,2b0a422c-bfd8-488c-8434-5931ff74ec8e,1.0,
0.0,2023-10-06 00:45:58.722,2023-04-12 14:22:33.136,0.0,6.0,5.0,xoyixJvqZs,com.sec.android.app.shealth,0.0,1a8e3be9-b02a-4a36-82b4-f52eca73af58,d2f335d2-600f-400b-a600-5ae3fd0c87a5,1.0,
0.0,2023-09-27 15:42:48.097,2023-09-27 15:42:48.097,0.0,0.0,0.0,xoyixJvqZs,com.sec.android.app.shealth,0.0,d9f9a7b2-d637-4392-8407-8e1a62ac7d82,3be420f9-471e-422c-a542-592ff6772fe5,1.0,
0.0,2023-04-12 14:22:33.117,2023-04-12 14:22:33.117,0.0,0.0,1.0,xoyixJvqZs,com.sec.android.app.shealth,1.0,ff02e7a0-7ecb-4a2d-96f7-bf84c0b66db4,6eb8d029-4142-42e6-a3f1-86a52e08644c,0.0,
0.0,2023-08-17 01:54:36.235,2023-08-17 01:54:36.235,0.0,0.0,1.0,xoyixJvqZs,com.sec.android.app.shealth,0.0,1753a07c-f58e-438b-90fe-d6c22b838317,5b20fd84-2650-4b90-94de-97a75d2f6a9d,0.0,
0.0,2023-10-06 12:28:59.555,2023-04-12 14:22:33.137,0.0,0.0,43.0,xoyixJvqZs,com.sec.android.app.shealth,0.0,df0666ad-f08f-42f0-9e44-1281170aa6a7,c78ef3d9-a478-40ea-a580-ebd617aac9b5,0.0,
0.0,2023-09-22 16:14:06.041,2023-04-12 14:22:33.118,0.0,5.0,0.0,xoyixJvqZs,com.sec.android.app.shealth,1.0,ee408eda-dd9d-45ec-8b5c-98869f144b98,469a3519-016d-48c2-91b8-a9a8755e404b,1.0,
0.0,2023-09-28 00:52:02.295,2023-09-28 00:52:02.295,0.0,1.0,0.0,xoyixJvqZs,com.sec.android.app.shealth,0.0,da86c9eb-93a3-440e-88e8-52e27c7ac2b5,9cda232c-8d34-447e-9ea4-cdc70154fbf0,0.0,
0.0,2023-10-04 23:12:06.089,2023-04-12 14:22:33.118,0.0,5.0,0.0,xoyixJvqZs,com.sec.android.app.shealth,1.0,a227a1ef-5e3a-4d0b-b4b4-1b59ac9da06e,c98cf982-261c-495b-8dfd-a3dc233412ae,5.0,
0.0,2023-09-26 16:43:08.036,2023-08-15 16:14:58.773,0.0,0.0,0.0,xoyixJvqZs,com.sec.android.app.shealth,0.0,612a1437-6328-4df4-ba22-409e0f669461,384b2898-5a69-4c9a-b6d0-2ace9e8d4688,2.0,
0.0,2023-04-12 14:22:33.137,2023-04-12 14:22:33.137,3.0,0.0,1.0,xoyixJvqZs,com.sec.android.app.shealth,3.0,8ca9e387-6485-465a-9b90-e8e1cbe928b8,1214ef4e-c837-45f9-a820-4bdee7219682,0.0,
0.0,2023-08-29 16:53:54.675,2023-08-23 16:12:15.524,0.0,0.0,0.0,xoyixJvqZs,com.sec.android.app.shealth,0.0,fb039511-f760-405d-9771-c474641e60bb,c38e2a36-5ba5-48f0-bb84-c26b5815df64,2.0,
7.0,2023-10-06 12:28:59.629,2023-08-14 20:02:37.774,0.0,0.0,33.0,xoyixJvqZs,com.sec.android.app.shealth,1.0,ec36314d-fe0a-405f-a6fe-ba063cb73de3,71e42b0c-d2fa-44ad-b058-822e6c872767,0.0,
0.0,2023-04-12 14:22:33.108,2023-04-12 14:22:33.108,0.0,1.0,0.0,xoyixJvqZs,com.sec.android.app.shealth,0.0,b438ca03-ffd1-4db9-bed5-2a8b7cc79665,02148164-1a2b-46c9-b08e-e07505760cc7,0.0,
0.0,2023-04-12 14:22:33.122,2023-04-12 14:22:33.122,0.0,1.0,0.0,xoyixJvqZs,com.sec.android.app.shealth,0.0,c819c183-2132-4e37-a6a9-e1685032a2f5,bc13cd08-4e35-4c92-9a6c-b58a87c37088,0.0,
0.0,2023-08-30 17:05:52.979,2023-08-30 17:05:52.979,0.0,0.0,0.0,xoyixJvqZs,com.sec.android.app.shealth,0.0,b58607df-5954-4d67-b0e0-f43c854409cc,c5e3fb80-114c-4241-8534-2a57ef67d090,1.0,
0.0,2023-09-18 00:21:44.680,2023-09-07 23:13:11.271,0.0,1.0,1.0,xoyixJvqZs,com.sec.android.app.shealth,3.0,064bac19-f1e4-44ea-9554-751ea7a94cc2,aa91c01b-92d7-4ef7-91b0-446cd0a1f34f,0.0,
0.0,2023-10-05 16:30:36.177,2023-04-12 14:22:33.119,0.0,1.0,0.0,xoyixJvqZs,com.sec.android.app.shealth,0.0,d6cdccbd-2d34-4f2b-8bc8-4ac4b8ae21ee,dadc8499-d917-4f7b-b1f3-aaf02555de9c,5.0,
0.0,2023-04-12 14:22:33.118,2023-04-12 14:22:33.118,0.0,1.0,0.0,xoyixJvqZs,com.sec.android.app.shealth,0.0,20178d0f-0a6e-43c9-995d-486910620b39,50f46984-e87c-4776-bcee-235c7062d92d,0.0,
0.0,2023-09-16 03:23:14.036,2023-08-27 23:57:01.135,0.0,2.0,0.0,xoyixJvqZs,com.sec.android.app.shealth,0.0,2c641672-c6b4-418b-95b1-67922c1498ed,67c59b6a-0fd6-4f1d-827c-a82013750109,0.0,
0.0,2023-09-16 16:22:56.145,2023-04-12 14:22:33.137,0.0,0.0,0.0,xoyixJvqZs,com.sec.android.app.shealth,0.0,d17ad23d-7443-48d4-bc5a-b4ff360d0027,98593785-b77d-4509-9347-44ac2d63999e,2.0,
0.0,2023-04-12 14:22:33.136,2023-04-12 14:22:33.136,0.0,1.0,0.0,xoyixJvqZs,com.sec.android.app.shealth,0.0,1b2797fd-8958-406d-a8a4-2f4352bf6cd4,befee8ee-1fda-4e8f-8634-a389abcef372,0.0,
0.0,2023-09-05 22:41:49.082,2023-09-03 00:12:39.527,0.0,1.0,0.0,xoyixJvqZs,com.sec.android.app.shealth,0.0,0e2b4569-daba-420a-906e-5188f5d59b7e,d1640d93-e044-43ec-9b83-b89c270771b2,1.0,
0.0,2023-09-28 00:52:02.268,2023-09-28 00:52:02.268,0.0,1.0,0.0,xoyixJvqZs,com.sec.android.app.shealth,0.0,c398872e-0c0e-42d5-8827-b92520fd456c,ed8a4474-154f-4379-bbc3-97009e42f329,0.0,
0.0,2023-04-12 14:22:33.118,2023-04-12 14:22:33.118,0.0,0.0,1.0,xoyixJvqZs,com.sec.android.app.shealth,0.0,28b14add-245b-4d23-945a-56ad391a45ae,c33a2473-232c-4e34-8046-88583f0854b3,0.0,
0.0,2023-08-22 22:39:56.612,2023-08-22 22:39:56.612,0.0,1.0,0.0,xoyixJvqZs,com.sec.android.app.shealth,0.0,c3c5efa2-bf06-4cef-a382-df41ac79d5ae,878b8941-46f0-480f-9ff9-21282e5ef6ef,0.0,
0.0,2023-09-09 15:58:57.543,2023-09-09 15:58:57.543,0.0,0.0,0.0,xoyixJvqZs,com.sec.android.app.shealth,0.0,e4cb48c4-63bd-4034-96a8-bf1f6c7f8340,6a849dc7-1969-4565-83b6-414997499aab,1.0,
0.0,2023-04-12 14:22:33.117,2023-04-12 14:22:33.117,0.0,0.0,0.0,xoyixJvqZs,com.sec.android.app.shealth,0.0,95a5a80c-56dd-4871-ae26-1f302f539f16,f2908e13-99b8-404c-81ab-73a06950af22,2.0,
0.0,2023-09-05 23:08:36.242,2023-09-05 23:08:36.242,0.0,1.0,0.0,xoyixJvqZs,com.sec.android.app.shealth,0.0,4e81d4e7-709a-48c6-87f6-fa4c4743f3fe,68483ab4-4abe-414a-a908-4f314edc1cf2,0.0,
0.0,2023-09-04 00:38:00.926,2023-09-04 00:38:00.926,0.0,1.0,0.0,xoyixJvqZs,com.sec.android.app.shealth,0.0,7af45bf8-a8fd-4858-93bc-e68461ccd637,29915ff6-33bc-4897-83dc-8eef1fb93c20,0.0,
0.0,2023-09-07 19:05:06.497,2023-09-07 19:05:06.497,0.0,0.0,0.0,xoyixJvqZs,com.sec.android.app.shealth,0.0,5bfde2c4-8eb4-49d3-bf94-5a7364803351,96063252-e85a-41e6-9463-8c4f24cae530,1.0,
0.0,2023-04-12 14:22:33.108,2023-04-12 14:22:33.108,0.0,1.0,0.0,xoyixJvqZs,com.sec.android.app.shealth,0.0,0047939a-8b53-4e20-a026-da4fa6e16c3c,192507d5-18dd-48f4-b265-2e2fdd338642,0.0,
0.0,2023-08-22 16:57:10.360,2023-08-21 23:51:44.024,0.0,1.0,0.0,xoyixJvqZs,com.sec.android.app.shealth,0.0,9bd4fdfa-40d0-4a13-874d-6001463e1af7,c75c1480-0559-423e-9aca-780012955efb,1.0,
0.0,2023-09-21 03:10:49.387,2023-09-21 03:10:49.387,0.0,1.0,0.0,xoyixJvqZs,com.sec.android.app.shealth,0.0,6d4f76da-e547-464a-9928-83dac342f3fc,2f414ac6-a591-4464-9dfa-8e070ac2618d,0.0,
0.0,2023-08-26 22:50:29.972,2023-08-26 22:50:29.972,0.0,0.0,0.0,xoyixJvqZs,com.sec.android.app.shealth,1.0,7e5d1099-62b1-42c0-b65a-43d26388bfed,cafc415e-34ef-4830-8c4d-94cd96f62a1e,0.0,
0.0,2023-04-12 14:22:33.118,2023-04-12 14:22:33.118,0.0,1.0,0.0,xoyixJvqZs,com.sec.android.app.shealth,0.0,2d3de15b-8e9c-4921-b8a6-ca7bf90e4897,0f83ed11-b9be-4421-a171-bac06c7b8916,0.0,
0.0,2023-09-16 16:22:56.217,2023-09-16 16:22:56.217,0.0,0.0,0.0,xoyixJvqZs,com.sec.android.app.shealth,0.0,3f2e8d7b-861f-4fc8-aeac-14a21974b5ca,942a24f7-a457-44f7-9a51-fdcef70362b2,1.0,
0.0,2023-09-27 15:42:48.195,2023-09-27 15:42:48.195,0.0,0.0,0.0,xoyixJvqZs,com.sec.android.app.shealth,0.0,6658ceef-6c9b-4375-91c1-f51ae2931b2c,ea5ac71a-a582-481d-a5ad-f84018b9de82,1.0,
0.0,2023-08-17 01:57:58.553,2023-04-12 14:22:33.117,0.0,0.0,0.0,xoyixJvqZs,com.sec.android.app.shealth,0.0,c736dbce-2b46-4309-a769-79d7e1eed739,65cb35b3-4a58-4fe4-a6e8-1dd93ccce015,3.0,
0.0,2023-09-04 00:35:45.751,2023-09-04 00:35:45.751,0.0,0.0,0.0,xoyixJvqZs,com.sec.android.app.shealth,1.0,b16d16df-e97c-4a70-b86f-a7b47bb3601a,52c7cbf8-d540-42a1-ba3b-a60551864c20,0.0,
0.0,2023-04-12 14:22:33.137,2023-04-12 14:22:33.137,0.0,4.0,0.0,xoyixJvqZs,com.sec.android.app.shealth,0.0,55f48990-7987-4f8a-97a0-92dbb621309a,5c6cd7a7-db8f-41c8-92a1-a70bb3bfd554,3.0,
0.0,2023-09-29 01:14:33.887,2023-09-19 23:39:56.280,0.0,2.0,0.0,xoyixJvqZs,com.sec.android.app.shealth,0.0,7f5a3466-a13d-4505-a932-c78fc41653f1,1296a241-dd2e-4dcc-9734-d078c5d4b5fa,0.0,
0.0,2023-08-24 15:47:41.003,2023-08-24 15:47:41.003,0.0,0.0,0.0,xoyixJvqZs,com.sec.android.app.shealth,0.0,4385319b-2465-47ed-b863-3eaa9792d577,3080eac8-fb94-4c60-a106-20b1ef2288d2,1.0,
0.0,2023-04-12 14:22:33.119,2023-04-12 14:22:33.119,0.0,0.0,4.0,xoyixJvqZs,com.sec.android.app.shealth,1.0,6311443a-7ef6-48f9-b318-76a891d30d0c,d6abf493-9ee5-4e00-81c9-38b6db22efba,0.0,
0.0,2023-09-16 16:22:56.171,2023-08-31 01:06:55.232,0.0,1.0,0.0,xoyixJvqZs,com.sec.android.app.shealth,0.0,9bc0e5a4-e368-4817-a5f9-82bdf5d18b00,9ebcb792-dc97-488d-b041-b51722538fd5,1.0,
0.0,2023-09-17 20:01:05.628,2023-09-17 20:01:05.628,0.0,0.0,0.0,xoyixJvqZs,com.sec.android.app.shealth,0.0,abae3519-5925-4476-b343-6f41bf435cc5,20fbe273-53be-4d3f-b3c4-f80aaedf879e,1.0,
0.0,2023-10-06 16:28:27.952,2023-08-23 23:49:34.274,0.0,7.0,0.0,xoyixJvqZs,com.sec.android.app.shealth,0.0,7858d194-c279-4ae8-a892-e7bf71058ee9,c920fb8f-3119-47d7-af80-ad27c1ded0cb,3.0,
1.0,2023-04-12 14:22:33.118,2023-04-12 14:22:33.118,0.0,0.0,0.0,xoyixJvqZs,com.sec.android.app.shealth,0.0,eff387ea-b756-437d-9473-9e92754f5977,125adf4a-f133-49ad-be4e-3b02afb32e08,0.0,
0.0,2023-08-17 02:01:56.143,2023-08-17 02:01:56.143,0.0,1.0,0.0,xoyixJvqZs,com.sec.android.app.shealth,0.0,7b72b6e8-d6ab-407c-ac12-0fbf21a9430b,8e8459e5-63c5-4770-b8bc-c542935b6c3b,0.0,
0.0,2023-08-15 15:49:14.621,2023-08-15 15:49:14.621,0.0,0.0,0.0,xoyixJvqZs,com.sec.android.app.shealth,0.0,0211bb39-925a-48d0-bfe1-bba4b8f889f8,894f4169-44b9-4b90-a374-10d39aed6843,1.0,
0.0,2023-04-12 14:22:33.122,2023-04-12 14:22:33.122,0.0,0.0,0.0,xoyixJvqZs,com.sec.android.app.shealth,1.0,e68137f0-c067-4e93-bd94-ee1af6d248b2,7cc19553-897f-436e-8bdf-0c786fd3ab7e,0.0,
0.0,2023-08-23 16:12:15.570,2023-08-21 16:34:41.658,0.0,0.0,0.0,xoyixJvqZs,com.sec.android.app.shealth,0.0,ff337792-b325-47ba-bbdc-df1e971d264e,93f382c7-a132-4841-9c09-2a69f09dd784,2.0,
1.0,2023-10-06 18:47:09.376,2023-08-14 20:02:37.757,0.0,1.0,43.0,xoyixJvqZs,com.sec.android.app.shealth,38.0,63d50dd4-4577-494d-a7aa-8bcdeade46e1,ce9df0a2-a045-4f63-a73a-b4c17b595ca5,1.0,
0.0,2023-10-06 00:45:58.659,2023-10-06 00:45:58.659,0.0,1.0,0.0,xoyixJvqZs,com.sec.android.app.shealth,0.0,5cc96226-bfeb-42fc-b252-b411b6212ae4,d8b48818-e8ab-40d6-8e90-ff37e02f3d89,0.0,
0.0,2023-10-06 12:28:59.570,2023-08-22 12:40:49.349,0.0,1.0,38.0,xoyixJvqZs,com.sec.android.app.shealth,0.0,d79cad57-9a16-4ec8-ade3-c5263f35506f,52939783-2529-4ed0-b46c-87525316a5c3,0.0,
0.0,2023-08-26 23:07:19.879,2023-08-26 23:07:19.879,0.0,1.0,0.0,xoyixJvqZs,com.sec.android.app.shealth,0.0,b7637775-77d0-4abb-a899-7825ae70fd5d,ef548983-d848-41a8-80e9-12625a1d5e9b,0.0,
0.0,2023-04-12 14:22:33.118,2023-04-12 14:22:33.118,0.0,0.0,0.0,xoyixJvqZs,com.sec.android.app.shealth,0.0,274c96d0-41f2-4de4-82fb-fcc094ad5591,d7cab51f-47dc-40af-80cf-d500d978648d,1.0,
0.0,2023-04-12 14:22:33.137,2023-04-12 14:22:33.137,0.0,0.0,0.0,xoyixJvqZs,com.sec.android.app.shealth,0.0,5b8f500c-da89-4150-862a-bb751e745775,29fc41c1-4892-4077-a74b-f905fd0ceb38,1.0,
0.0,2023-04-12 14:22:33.137,2023-04-12 14:22:33.137,0.0,2.0,0.0,xoyixJvqZs,com.sec.android.app.shealth,0.0,ba4f72e6-13e9-40d5-afca-8fadfbfc1601,04cb6e49-e93b-4174-a1b7-83f8cb9a82a8,0.0,
0.0,2023-09-07 19:05:06.563,2023-09-07 19:05:06.563,0.0,0.0,0.0,xoyixJvqZs,com.sec.android.app.shealth,0.0,b6842e39-b91b-40c6-ad31-a6cf404390c3,550b1d1f-7b59-4928-abe0-4879c2d27833,1.0,
0.0,2023-09-24 18:39:26.950,2023-04-12 14:22:33.108,0.0,0.0,0.0,xoyixJvqZs,com.sec.android.app.shealth,1.0,4e478c6c-fdeb-42c0-86a3-1eab35b9ed7a,4a5eb48d-35f9-4e63-973f-4bdc3b161c70,1.0,
0.0,2023-08-27 17:16:31.643,2023-08-27 17:16:31.643,0.0,0.0,0.0,xoyixJvqZs,com.sec.android.app.shealth,0.0,586a6ede-15b4-4316-8a44-003184a67ee7,600934be-53a3-4589-bbbf-b238e43c7a45,1.0,
0.0,2023-10-06 16:28:27.913,2023-04-12 14:22:33.117,0.0,1.0,0.0,xoyixJvqZs,com.sec.android.app.shealth,2.0,0a2ef957-6a3b-488b-88fb-7d4ae4f5dcc7,0cb0b176-bca3-4a29-ab15-46fc81e9914a,30.0,
0.0,2023-04-12 14:22:33.117,2023-04-12 14:22:33.117,0.0,0.0,0.0,xoyixJvqZs,com.sec.android.app.shealth,0.0,f17d6db1-3f28-406c-934a-8bdf5d5f0e70,27021c24-7c3b-4c05-a5b5-b111720dcb3b,1.0,
0.0,2023-04-12 14:22:33.119,2023-04-12 14:22:33.119,1.0,0.0,0.0,xoyixJvqZs,com.sec.android.app.shealth,0.0,610a1a05-9a1d-48f5-92b3-74481a0d8ce7,fa3a5e16-06b5-4206-8983-be2b77b25320,0.0,
0.0,2023-09-07 19:06:06.062,2023-09-07 19:06:06.062,0.0,0.0,0.0,xoyixJvqZs,com.sec.android.app.shealth,1.0,ebfb46fa-2454-4d42-ace6-92367b4a4061,911e2b68-a95b-4e19-b905-7c3aba29c7c7,0.0,
0.0,2023-04-12 14:22:33.119,2023-04-12 14:22:33.119,0.0,0.0,0.0,xoyixJvqZs,com.sec.android.app.shealth,0.0,a788d0b3-c3c7-4d71-91f2-3e82bccc9b05,f24ed047-f5a6-46ed-a948-56b129493126,1.0,
0.0,2023-04-12 14:22:33.122,2023-04-12 14:22:33.122,0.0,0.0,0.0,xoyixJvqZs,com.sec.android.app.shealth,0.0,b0fbdc4c-1dfb-4ebb-bf75-65e33bda9538,c044e6d7-fdfc-4d95-b488-6d62dfe0a18e,1.0,
0.0,2023-09-09 23:49:51.344,2023-04-12 14:22:33.122,0.0,7.0,0.0,xoyixJvqZs,com.sec.android.app.shealth,1.0,42ebb27d-c604-48b1-830d-f38d2cc9ca04,da6e68f6-8d12-4dad-8b4d-6f333ea1f156,0.0,
0.0,2023-08-24 23:42:16.739,2023-08-24 23:42:16.739,0.0,1.0,0.0,xoyixJvqZs,com.sec.android.app.shealth,0.0,a086350d-55e2-40fa-ab39-646e8b8e8c0c,c0907bb9-60eb-4314-85c9-a95508096146,0.0,
0.0,2023-09-28 00:52:02.325,2023-04-12 14:22:33.117,0.0,2.0,0.0,xoyixJvqZs,com.sec.android.app.shealth,0.0,07d0c0c8-b572-46dc-8a99-cd3b2a94c294,7bc353ca-d6eb-4d36-8a98-af5d7d18d4f2,0.0,
0.0,2023-10-03 22:58:34.380,2023-04-12 14:22:33.137,0.0,1.0,0.0,xoyixJvqZs,com.sec.android.app.shealth,2.0,8d5d58ab-ddf3-4895-802d-6b59a0cce688,2095cb95-4857-48e0-97b9-4e159a360fde,0.0,
0.0,2023-10-03 22:57:03.860,2023-09-03 12:20:58.169,0.0,6.0,5.0,xoyixJvqZs,com.sec.android.app.shealth,0.0,78c5ac77-ce18-41b0-aa11-991c8791696d,849c70a5-bc9e-4062-92d7-c4f25d8f4c8c,0.0,
0.0,2023-04-12 14:22:33.137,2023-04-12 14:22:33.137,0.0,0.0,1.0,xoyixJvqZs,com.sec.android.app.shealth,0.0,afa12b18-cf64-4f91-a631-feb946b50c56,9f1df49e-2d11-419a-b775-c66dcaedb946,0.0,
0.0,2023-04-12 14:22:33.119,2023-04-12 14:22:33.119,0.0,0.0,0.0,xoyixJvqZs,com.sec.android.app.shealth,0.0,e13dcb39-c38d-486b-a955-48848bf93444,a6d2de18-42df-4c2d-b216-8661ca0ad07b,2.0,
0.0,2023-04-12 14:22:33.134,2023-04-12 14:22:33.134,0.0,0.0,1.0,xoyixJvqZs,com.sec.android.app.shealth,0.0,aa821201-6a10-4b0a-83ba-91914e0c26da,60bb8aa3-8963-4108-a155-1cf494400600,0.0,
0.0,2023-04-12 14:22:33.136,2023-04-12 14:22:33.136,0.0,0.0,0.0,xoyixJvqZs,com.sec.android.app.shealth,0.0,6fd1dc48-a2f0-4a66-9e4f-ad8b86ae6b9f,2ff5c460-c94e-4629-bb40-e6e3062e2cd2,1.0,
0.0,2023-10-05 12:22:13.660,2023-08-29 22:26:51.555,0.0,2.0,0.0,xoyixJvqZs,com.sec.android.app.shealth,0.0,396e43c3-35c9-4975-a668-bde46cb36dd2,72075f2d-0531-4aad-8ccb-770277fa530b,1.0,
0.0,2023-09-03 00:12:39.439,2023-04-12 14:22:33.134,0.0,3.0,0.0,xoyixJvqZs,com.sec.android.app.shealth,1.0,da1340d5-81ff-4987-bcf0-15fae1075876,b9ea2c60-bb18-4df3-b2b6-a2647e14e597,0.0,
0.0,2023-04-12 14:22:33.121,2023-04-12 14:22:33.121,0.0,4.0,0.0,xoyixJvqZs,com.sec.android.app.shealth,0.0,6c850c8a-db57-4346-863a-dc6bef2e7fb5,11abc3c2-fd0c-4315-8a3f-e15c5ca4241a,2.0,
0.0,2023-09-29 23:47:05.028,2023-09-29 23:47:05.028,0.0,1.0,0.0,xoyixJvqZs,com.sec.android.app.shealth,0.0,ef325713-aa6d-4a71-892a-efd701c769c4,964c008c-5ee5-4e27-8978-7dfde704a236,0.0,
0.0,2023-09-29 01:14:33.919,2023-04-12 14:22:33.118,0.0,3.0,0.0,xoyixJvqZs,com.sec.android.app.shealth,0.0,5c9fae27-e7aa-42e5-877c-47558012ccbd,6db365fe-b5e6-457b-805b-c11eb152bb30,2.0,
0.0,2023-09-05 22:41:49.038,2023-09-05 22:41:49.038,0.0,0.0,0.0,xoyixJvqZs,com.sec.android.app.shealth,0.0,f00f9765-dad4-47f9-84de-a36a264831ae,cb9f3139-67b5-4fa5-91fe-cc33318d8a2c,1.0,
0.0,2023-04-12 14:22:33.137,2023-04-12 14:22:33.137,0.0,0.0,0.0,xoyixJvqZs,com.sec.android.app.shealth,1.0,2f35979d-99ef-4cb0-9e82-28b9567d9901,3d8e7b5f-1b6c-40f2-95e0-6c9194b6aa5a,0.0,
0.0,2023-04-12 14:22:33.119,2023-04-12 14:22:33.119,0.0,0.0,2.0,xoyixJvqZs,com.sec.android.app.shealth,0.0,9cc2c896-05dc-468c-a2d4-9eb4210f37ec,6d630cc4-be4a-46d7-8372-64e806c7ee67,0.0,
0.0,2023-10-01 18:32:56.724,2023-10-01 18:32:56.724,0.0,1.0,0.0,xoyixJvqZs,com.sec.android.app.shealth,0.0,76e70b34-f6c5-4481-b0c0-b9e90fa2eb1c,ac5d6515-c871-484f-af78-982762efafc8,0.0,
0.0,2023-04-12 14:22:33.119,2023-04-12 14:22:33.119,0.0,0.0,0.0,xoyixJvqZs,com.sec.android.app.shealth,0.0,d25b8f0d-1151-4d9e-8738-d3668f8bcc08,45af4507-be77-4b65-a1fd-e10faa19fea5,1.0,
1.0,2023-09-21 16:22:12.262,2023-04-12 14:22:33.122,0.0,0.0,0.0,xoyixJvqZs,com.sec.android.app.shealth,1.0,26026fd9-a2c9-49c9-b5b8-a65f6d46420a,bd6f4c4c-09fe-4769-86b3-5b1a200e5682,5.0,
0.0,2023-09-03 00:12:39.548,2023-09-03 00:12:39.548,0.0,1.0,0.0,xoyixJvqZs,com.sec.android.app.shealth,0.0,20defb66-5403-44dd-bae7-5a0bda9f06d4,873277da-e202-4f20-b3a0-526ac4523f64,0.0,
0.0,2023-04-12 14:22:33.119,2023-04-12 14:22:33.119,0.0,0.0,6.0,xoyixJvqZs,com.sec.android.app.shealth,0.0,e99e462a-2996-44cc-ac15-4ffa2d61aa5e,eff8f034-45b0-4eb7-a2b6-ada1c929af5e,0.0,
0.0,2023-08-21 16:34:41.632,2023-08-21 16:34:41.632,0.0,0.0,0.0,xoyixJvqZs,com.sec.android.app.shealth,0.0,2813ce7e-fedb-41dd-bd58-24b7f1156db0,afb455f8-48db-418e-81b9-4b6ac32ac922,1.0,
0.0,2023-04-12 14:22:33.117,2023-04-12 14:22:33.117,0.0,1.0,0.0,xoyixJvqZs,com.sec.android.app.shealth,0.0,51dea75c-9c2e-41a0-9cf6-a0fb3ba74df1,9ee7dc67-50d9-4c63-929c-9f08021f577d,1.0,
0.0,2023-04-12 14:22:33.137,2023-04-12 14:22:33.137,0.0,0.0,0.0,xoyixJvqZs,com.sec.android.app.shealth,1.0,06442ad1-2aa5-4a05-aea5-48744ebe9bcf,cbbb0671-4d0f-4436-acaf-548b321a1695,0.0,
0.0,2023-09-02 00:52:30.929,2023-08-27 23:57:01.155,0.0,2.0,0.0,xoyixJvqZs,com.sec.android.app.shealth,0.0,661cc944-0ff4-4094-be0b-d905ec08afb1,4d0d97fd-8ea7-49e3-b843-5ad028b4ec1c,0.0,
0.0,2023-09-10 17:51:54.714,2023-04-12 14:22:33.134,0.0,0.0,0.0,xoyixJvqZs,com.sec.android.app.shealth,0.0,45c75a33-df1e-4aaa-9d16-f205ea95a0c5,a799aa5f-b771-4bf1-abc7-f1293ae769a5,2.0,
0.0,2023-09-21 03:10:49.484,2023-09-21 03:10:49.484,0.0,1.0,0.0,xoyixJvqZs,com.sec.android.app.shealth,0.0,ac1fb799-575f-42ea-a0bb-43bf642224de,060ad98d-826a-449a-83a8-dbc5ca0e8852,0.0,
0.0,2023-09-17 14:33:45.722,2023-04-12 14:22:33.134,0.0,2.0,0.0,xoyixJvqZs,com.sec.android.app.shealth,0.0,82162577-b98d-44e6-a3d5-98f33afeea45,2851a0e8-e9ff-4d5e-9578-e22369500a02,0.0,
0.0,2023-04-12 14:22:33.108,2023-04-12 14:22:33.108,0.0,0.0,0.0,xoyixJvqZs,com.sec.android.app.shealth,0.0,e039cade-f364-44a9-a69c-dbc8cedaf961,67d13202-91f5-4c45-b192-e2554a7c3adb,1.0,
0.0,2023-09-21 16:22:12.232,2023-09-21 16:22:12.232,0.0,0.0,0.0,xoyixJvqZs,com.sec.android.app.shealth,0.0,062374b7-d4d8-4024-b5c0-0142d3c362a4,3b05ec7d-7bdd-4067-9b2e-9b93986e9d43,1.0,
0.0,2023-04-12 14:22:33.119,2023-04-12 14:22:33.119,0.0,0.0,0.0,xoyixJvqZs,com.sec.android.app.shealth,0.0,a5f47eee-7a21-43e7-9365-83c746ff29c8,327ffe7b-ec49-4bf4-892d-7885053baba2,1.0,
0.0,2023-09-07 23:13:11.288,2023-09-07 23:13:11.288,0.0,1.0,0.0,xoyixJvqZs,com.sec.android.app.shealth,0.0,a67c79cc-efd7-4664-beaa-b6959d8b27fd,7e3287c4-3adc-4f70-aa4e-1f65fa85fb0b,0.0,
0.0,2023-04-12 14:22:33.108,2023-04-12 14:22:33.108,0.0,0.0,6.0,xoyixJvqZs,com.sec.android.app.shealth,0.0,867999af-cf6c-4002-9892-9273e2ae7a1c,f5ace4d0-888d-4185-aa2d-21a439a82fd9,0.0,
0.0,2023-10-05 16:38:11.615,2023-10-05 16:38:11.615,0.0,0.0,0.0,xoyixJvqZs,com.sec.android.app.shealth,0.0,67b28b2f-7874-4964-9dfe-192a652d67fa,f90abb6f-15ca-4495-adbe-848e8e755074,1.0,
0.0,2023-04-12 14:22:33.118,2023-04-12 14:22:33.118,0.0,1.0,0.0,xoyixJvqZs,com.sec.android.app.shealth,0.0,a2785ef1-c85d-4d87-9b34-93eaf5a57f88,44120fc9-6059-4dd6-a3e2-1edf2f241488,0.0,
0.0,2023-04-12 14:22:33.117,2023-04-12 14:22:33.117,2.0,0.0,5.0,xoyixJvqZs,com.sec.android.app.shealth,2.0,a97a9103-0207-4b5c-8b46-177efb323fe8,84a7b13c-634d-46fa-97f1-13dfba4a4dfe,1.0,
0.0,2023-09-26 16:43:07.985,2023-09-26 16:43:07.985,0.0,0.0,0.0,xoyixJvqZs,com.sec.android.app.shealth,0.0,9d41cf06-3cac-4dc2-ae33-d06e5961cd04,af7c3319-99b7-48b2-ab91-4bc8dd1a35a3,1.0,
0.0,2023-04-12 14:22:33.119,2023-04-12 14:22:33.119,0.0,1.0,0.0,xoyixJvqZs,com.sec.android.app.shealth,0.0,dff3695d-63c5-49d6-8e90-f824a953a4a7,a329bd8a-75a9-431b-9bd4-d264dc9f9cac,2.0,
0.0,2023-04-12 14:22:33.108,2023-04-12 14:22:33.108,0.0,1.0,0.0,xoyixJvqZs,com.sec.android.app.shealth,0.0,a74dc2b1-61e8-41b1-903b-fa477b5617c2,4dabffc7-8b63-453b-9156-542b5f57c425,0.0,
0.0,2023-09-05 23:08:36.294,2023-09-05 23:08:36.294,0.0,1.0,0.0,xoyixJvqZs,com.sec.android.app.shealth,0.0,1b0b50d8-d786-4df8-8e06-3bc8d11ce9eb,d3e06aff-62d2-481e-b472-e9e53b02f404,0.0,
0.0,2023-09-07 19:06:06.080,2023-09-07 19:06:06.080,0.0,0.0,0.0,xoyixJvqZs,com.sec.android.app.shealth,1.0,0771cd50-5270-414b-9f67-067ac16bc201,d130a8e9-fb87-41e7-a4f4-5b17153840b8,0.0,
0.0,2023-09-29 17:15:00.107,2023-04-12 14:22:33.137,0.0,3.0,0.0,xoyixJvqZs,com.sec.android.app.shealth,0.0,e150d99e-b883-4648-9aa0-0d99ed7de06a,b4ac2d99-0f47-4bd0-bc31-b526fa3fde90,5.0,
0.0,2023-09-21 03:10:49.449,2023-04-12 14:22:33.122,0.0,1.0,0.0,xoyixJvqZs,com.sec.android.app.shealth,0.0,2ebda7bc-804e-4862-a7cf-99c90996e466,2af8a29c-a1d2-4aac-a7f3-c2addf3252ac,1.0,
0.0,2023-09-07 12:33:06.433,2023-09-07 12:33:06.433,0.0,0.0,1.0,xoyixJvqZs,com.sec.android.app.shealth,0.0,7f7c655b-cdae-416c-918a-2f397146c981,d7a8e0e7-b356-4a7f-8ad8-40f51ef92565,0.0,
0.0,2023-04-12 14:22:33.108,2023-04-12 14:22:33.108,0.0,0.0,0.0,xoyixJvqZs,com.sec.android.app.shealth,0.0,6b77bd2a-4110-424f-b957-29ae2d4582da,fbfa4574-ccf0-4c07-95b4-aecf08d887aa,1.0,
14.0,2023-10-02 21:57:59.732,2023-08-14 20:12:48.622,0.0,0.0,0.0,xoyixJvqZs,com.sec.android.app.shealth,2.0,818fcb53-7cf0-448a-92b7-157805a4ac3e,5f083f92-755e-4c41-a67a-aaf1b7e680e7,0.0,
0.0,2023-04-12 14:22:33.137,2023-04-12 14:22:33.137,0.0,1.0,0.0,xoyixJvqZs,com.sec.android.app.shealth,0.0,ef9cd9bf-1341-47b1-b08c-40ecfdc6d312,46d59d29-27fb-4094-8a6b-cc223137a9c7,0.0,
0.0,2023-04-12 14:22:33.118,2023-04-12 14:22:33.118,0.0,0.0,5.0,xoyixJvqZs,com.sec.android.app.shealth,1.0,eeba68f1-381c-48ed-bff9-945fe4de5265,61ead18e-2e37-4f52-abb6-e1fb995086c7,0.0,
0.0,2023-10-06 00:45:58.682,2023-10-06 00:45:58.682,0.0,1.0,0.0,xoyixJvqZs,com.sec.android.app.shealth,0.0,01d16fac-5c66-40c0-8643-cc1dee81f9fd,f3bc14b2-4f76-4771-b916-e680c1974ab2,0.0,
0.0,2023-10-01 18:31:42.129,2023-04-12 14:22:33.118,0.0,1.0,0.0,xoyixJvqZs,com.sec.android.app.shealth,1.0,2270ead2-c3b2-4487-8fc5-0315cdbc91c1,db38d715-cb38-4f22-a359-5c6012872c53,0.0,
0.0,2023-04-12 14:22:33.109,2023-04-12 14:22:33.109,1.0,0.0,0.0,xoyixJvqZs,com.sec.android.app.shealth,1.0,8caf702a-2a6c-4ed1-a718-bcaf5ec3456d,0c1d1b78-5e3e-489c-ab3b-35830e992a67,0.0,
0.0,2023-09-07 23:13:11.227,2023-09-07 23:13:11.227,0.0,1.0,0.0,xoyixJvqZs,com.sec.android.app.shealth,0.0,32e514c6-86f1-4ad9-9f56-25600265b3c3,b2f61932-75ca-49a8-a02b-84063046fe9b,0.0,
3.0,2023-10-06 18:47:09.395,2023-08-15 13:10:17.129,0.0,1.0,7.0,xoyixJvqZs,com.sec.android.app.shealth,30.0,9f3ec234-d333-4ca4-9d2b-6be8a77969cb,e9088c4b-6924-4888-abf9-3518230ae814,0.0,
0.0,2023-08-15 13:12:27.884,2023-08-14 20:02:37.836,0.0,0.0,2.0,xoyixJvqZs,com.sec.android.app.shealth,0.0,4c253568-8583-486d-8f9f-c00d0434b8e3,60bfe164-96f0-443c-85b2-4245083fe1a2,0.0,
0.0,2023-04-12 14:22:33.119,2023-04-12 14:22:33.119,0.0,0.0,0.0,xoyixJvqZs,com.sec.android.app.shealth,0.0,a1aa9369-b934-4e46-a0c5-e73d55f3bb75,b27d0b7d-8782-484f-be81-f82b0cb2b894,1.0,
0.0,2023-08-26 16:14:54.426,2023-08-26 16:14:54.426,0.0,0.0,0.0,xoyixJvqZs,com.sec.android.app.shealth,0.0,7d76f46e-346a-42d2-8e28-f13c5b449139,6b0bcc73-cad3-441d-87c3-2eff81876109,1.0,
0.0,2023-09-06 12:52:54.772,2023-09-06 12:52:54.772,0.0,0.0,1.0,xoyixJvqZs,com.sec.android.app.shealth,0.0,cfcabf6b-cfba-4aad-840d-187b1864be86,1c8764f4-298f-48ad-affd-f261e35b2452,0.0,
0.0,2023-08-31 23:02:46.251,2023-08-31 23:02:46.251,0.0,1.0,0.0,xoyixJvqZs,com.sec.android.app.shealth,0.0,e32de9c3-ce8a-48b6-aae0-57b45a7fd565,ef079037-e8d0-40a4-bd6c-d62e6e40ae40,0.0,
0.0,2023-08-30 17:05:53.035,2023-08-30 17:05:53.035,0.0,0.0,0.0,xoyixJvqZs,com.sec.android.app.shealth,0.0,d9a1a2c7-44d6-480e-ae00-527db8fe0556,5f23b85c-a593-457c-84bc-c7c6f9bad26a,1.0,
0.0,2023-09-24 18:39:26.915,2023-09-24 18:39:26.915,0.0,0.0,0.0,xoyixJvqZs,com.sec.android.app.shealth,0.0,9c3c7b68-866f-4098-98ad-62d43f07f816,1b3f22e1-c86f-4e3f-a286-153bd872d00d,1.0,
0.0,2023-09-13 23:40:43.920,2023-09-13 23:40:43.920,0.0,1.0,0.0,xoyixJvqZs,com.sec.android.app.shealth,0.0,da94834e-d096-4fb8-a90c-a19a373bceb1,145c70e8-f532-44eb-9e29-50e86c37eca9,0.0,
0.0,2023-09-07 01:54:02.979,2023-09-07 01:54:02.979,0.0,1.0,0.0,xoyixJvqZs,com.sec.android.app.shealth,0.0,29706dbc-6fd5-488d-9b40-d6e2bec613b2,5f8a3d0f-4207-425a-b3f6-90fa86272566,0.0,
0.0,2023-09-08 16:52:45.767,2023-09-05 11:55:18.907,0.0,1.0,0.0,xoyixJvqZs,com.sec.android.app.shealth,0.0,9449af34-beaf-4cc4-aada-390359cade6a,887d6271-2885-449e-84f5-f47eb2b92fa5,1.0,
0.0,2023-09-19 23:39:56.325,2023-09-19 23:39:56.325,0.0,1.0,0.0,xoyixJvqZs,com.sec.android.app.shealth,0.0,bbec0b9d-c5f3-4e10-a2ae-972540cb744c,5ef37f8f-6c42-4e2b-88f3-b1537375a3eb,0.0,
0.0,2023-09-20 15:49:12.152,2023-08-23 16:12:15.649,0.0,0.0,0.0,xoyixJvqZs,com.sec.android.app.shealth,0.0,644612b5-13d2-4666-b851-26b9a3ca77f1,534bdeb1-2fd2-4859-829e-10ebd99efa8e,2.0,
0.0,2023-08-27 23:57:01.194,2023-08-27 23:57:01.194,0.0,1.0,0.0,xoyixJvqZs,com.sec.android.app.shealth,0.0,59506cc3-9e95-4622-a802-1065f44cce0a,14713fe1-cf1c-48a5-9120-af71052c812c,0.0,
0.0,2023-08-22 22:39:56.603,2023-08-22 22:39:56.603,0.0,1.0,0.0,xoyixJvqZs,com.sec.android.app.shealth,0.0,f16d82e9-cddd-458a-91d9-83c8d7b6a0b8,b9e03560-f612-49de-83f9-fc361c1e4211,0.0,
0.0,2023-10-05 16:30:36.303,2023-10-05 16:30:36.303,0.0,0.0,0.0,xoyixJvqZs,com.sec.android.app.shealth,0.0,36a46412-09cc-4551-88ef-6699fd72529d,642ffb7b-7ec1-4121-a5ab-5af34a35238b,1.0,
0.0,2023-08-23 16:12:15.686,2023-08-15 15:49:14.567,0.0,0.0,0.0,xoyixJvqZs,com.sec.android.app.shealth,0.0,821e6823-c61c-4f94-8862-ba236a11a48e,44f0ad52-b685-4213-aeb6-cac0e8e6214f,2.0,
0.0,2023-09-28 15:58:50.309,2023-09-22 16:10:10.280,0.0,0.0,0.0,xoyixJvqZs,com.sec.android.app.shealth,0.0,bfec596c-f2a9-4145-9420-2880b9aace42,63572265-5204-4adf-baa1-fcff8771771d,2.0,
0.0,2023-09-25 16:27:48.044,2023-09-25 16:27:48.044,0.0,0.0,0.0,xoyixJvqZs,com.sec.android.app.shealth,0.0,8b93805f-330b-479b-85d3-6c29dbd2c5ca,c16466dd-95ff-4e84-b09c-ed82e3c81c2d,1.0,
0.0,2023-09-10 17:51:54.693,2023-09-10 17:51:54.693,0.0,0.0,0.0,xoyixJvqZs,com.sec.android.app.shealth,0.0,6c0fa416-9ffe-4fe1-b27a-c0af2f531db9,8c6720f2-ca66-4661-b16e-65a9e57f6114,1.0,
0.0,2023-09-12 23:50:28.480,2023-09-12 23:50:28.480,0.0,1.0,0.0,xoyixJvqZs,com.sec.android.app.shealth,0.0,34c86f26-8cb8-4878-a64c-25bd809f9dfe,1427f402-bac5-4d03-a4da-d7af90f4640e,0.0,
0.0,2023-09-15 17:28:57.620,2023-09-15 17:28:57.620,0.0,0.0,0.0,xoyixJvqZs,com.sec.android.app.shealth,0.0,207d2495-33d6-4631-a6d6-f7ee2c68773c,fc645ee9-7c62-4cd1-86cc-3c184858444b,1.0,
0.0,2023-09-02 14:06:54.809,2023-09-02 14:06:54.809,0.0,0.0,0.0,xoyixJvqZs,com.sec.android.app.shealth,0.0,e1e20098-710c-4c0e-aa57-55aae65e969d,ec806774-d4ff-4ab9-bf55-28734f50e40e,1.0,
2.0,2023-10-06 12:28:59.539,2023-08-17 01:54:36.219,2.0,11.0,13.0,xoyixJvqZs,com.sec.android.app.shealth,2.0,f080d7b7-28f5-4fee-8d03-05fa9eea8cf2,28324640-55f2-4b19-87aa-5378f9365b7e,3.0,
0.0,2023-09-21 16:45:28.703,2023-09-04 00:38:00.945,0.0,1.0,0.0,xoyixJvqZs,com.sec.android.app.shealth,0.0,cd28fc14-25f8-4cca-8ad2-131a1dbcd773,72996a91-7bba-41e8-95ac-6c7b681ce941,1.0,
0.0,2023-09-16 16:22:56.206,2023-09-16 16:22:56.206,0.0,0.0,0.0,xoyixJvqZs,com.sec.android.app.shealth,0.0,a97afc1f-932f-4c84-b2a5-ebd4ad0e0183,6ce3600e-dae3-45fb-8b25-87a09db68b67,1.0,
0.0,2023-09-29 01:14:33.986,2023-09-19 23:39:56.342,0.0,2.0,0.0,xoyixJvqZs,com.sec.android.app.shealth,0.0,07c8bbcb-d935-439b-b5ed-590e964437b5,1b01fd2b-74b6-4710-893d-9806d6b5a50d,0.0,
0.0,2023-09-22 16:35:03.097,2023-09-22 16:35:03.097,0.0,0.0,0.0,xoyixJvqZs,com.sec.android.app.shealth,0.0,c64496d0-7d95-4646-8626-b59af088430d,a7782ec7-4174-4af9-90c0-0fcc9b9f4744,1.0,
0.0,2023-08-15 13:12:27.901,2023-08-14 20:02:37.785,0.0,0.0,2.0,xoyixJvqZs,com.sec.android.app.shealth,0.0,5b189a3a-aa18-40b4-8732-a01aea568868,fd3d55e8-de46-4d61-a11c-b02ade31b2cf,0.0,
0.0,2023-09-10 17:51:54.728,2023-08-27 17:16:31.665,0.0,1.0,0.0,xoyixJvqZs,com.sec.android.app.shealth,0.0,eb2b8c58-34f9-46cc-a65a-0129b014ea69,a285e958-63ba-4584-a0c7-9c1611981b71,4.0,
0.0,2023-08-17 01:57:58.577,2023-08-17 01:57:58.577,0.0,0.0,0.0,xoyixJvqZs,com.sec.android.app.shealth,0.0,28e51a46-06e1-49ea-9610-3f35fdce57c6,84af0d94-8fb0-4b30-b6be-fc134042a5e6,1.0,
0.0,2023-09-21 16:22:12.215,2023-09-20 15:49:12.075,0.0,0.0,0.0,xoyixJvqZs,com.sec.android.app.shealth,0.0,e8a121b1-0e84-48a3-9574-cfe674b425d4,3077ad17-1147-4990-a889-1fb2fac495e9,2.0,
0.0,2023-09-06 20:02:01.990,2023-08-17 01:57:58.663,0.0,0.0,0.0,xoyixJvqZs,com.sec.android.app.shealth,0.0,6b4e122c-6a25-4092-a147-cb18e9ebea2d,cb86a7ab-b9cb-43dd-866a-3208a5844594,3.0,
1.0,2023-10-06 18:47:09.387,2023-08-14 20:10:02.955,0.0,0.0,0.0,xoyixJvqZs,com.sec.android.app.shealth,33.0,c4fa9f90-5c49-4b0c-9543-6e8a03ddf6f2,af56e60c-d8c9-42c6-b041-8f09cae2a3d0,0.0,
1.0,2023-08-22 15:24:01.929,2023-08-14 20:12:48.647,1.0,0.0,0.0,xoyixJvqZs,com.sec.android.app.shealth,0.0,59beaf4b-8593-4cdc-bb0e-621b3139062b,90026872-113a-4eaa-a8d5-2a3cde831f0c,0.0,
0.0,2023-08-22 22:39:56.620,2023-08-22 22:39:56.620,0.0,1.0,0.0,xoyixJvqZs,com.sec.android.app.shealth,0.0,72aefed5-1d19-4b00-83c4-dd1b32c66645,d701caa3-0ed1-4e0b-a864-e18f71d7ff42,0.0,
0.0,2023-10-01 18:32:56.740,2023-10-01 18:32:56.740,0.0,1.0,0.0,xoyixJvqZs,com.sec.android.app.shealth,0.0,53613889-c5d0-4491-a646-e71e4d78cf8b,b003d1ad-76bc-4766-82a4-55327702542d,0.0,
0.0,2023-09-21 03:10:49.425,2023-09-21 03:10:49.425,0.0,1.0,0.0,xoyixJvqZs,com.sec.android.app.shealth,0.0,cace5c1d-b86e-4503-b857-620b632d089e,f3e4093a-23d1-4884-b143-4962c674cc18,0.0,
0.0,2023-09-02 00:52:30.844,2023-09-02 00:52:30.844,0.0,1.0,0.0,xoyixJvqZs,com.sec.android.app.shealth,0.0,83e1cc11-29eb-4f87-8247-9ff785b16f86,5745abdf-460a-4b67-b1e1-504510d7930b,0.0,
0.0,2023-10-05 19:44:51.041,2023-08-17 01:59:56.433,0.0,0.0,0.0,xoyixJvqZs,com.sec.android.app.shealth,3.0,ae54d752-23c2-4226-9b90-7fae60ceb101,99be8a79-7427-418a-b12a-af0b32cb61dd,0.0,
0.0,2023-09-09 15:58:57.527,2023-09-09 15:58:57.527,0.0,0.0,0.0,xoyixJvqZs,com.sec.android.app.shealth,0.0,ba81443b-a100-476f-82e8-3c9b0133ba9e,2a1ba551-5c87-4747-9332-6796d843e3b0,1.0,
0.0,2023-09-06 20:02:02.048,2023-09-06 20:02:02.048,0.0,0.0,0.0,xoyixJvqZs,com.sec.android.app.shealth,0.0,dea86779-e845-48af-bc74-49c777a41b73,c989b517-9950-4705-a1db-1eaabf4f596a,1.0,
0.0,2023-09-04 13:51:59.926,2023-09-04 13:51:59.926,0.0,0.0,1.0,xoyixJvqZs,com.sec.android.app.shealth,0.0,4d6fc716-7bee-4151-b05b-0930084ab41c,7b4282fb-27c3-437d-9e8b-40c74d38ea2c,0.0,
0.0,2023-10-03 16:26:31.076,2023-08-25 17:20:44.591,0.0,1.0,0.0,xoyixJvqZs,com.sec.android.app.shealth,0.0,cfb2d13e-6336-4afa-ab46-c14f6195f1a2,09f35cd4-06cd-47f8-96f5-11a007d4ef9b,2.0,
0.0,2023-10-01 18:32:56.753,2023-09-05 11:55:18.919,0.0,4.0,0.0,xoyixJvqZs,com.sec.android.app.shealth,1.0,4b96d0e8-a5b6-411a-909e-a7002e5bb931,42acec15-0679-4527-be9c-1d9144a47f45,3.0,
0.0,2023-09-02 18:13:04.218,2023-09-02 18:13:04.218,0.0,0.0,0.0,xoyixJvqZs,com.sec.android.app.shealth,1.0,84197df5-0660-4998-9f3a-3cf403be8837,1b7f54b8-4ab5-4b09-8d10-0fbef5cace68,0.0,
0.0,2023-09-27 15:42:48.216,2023-09-27 15:42:48.216,0.0,0.0,0.0,xoyixJvqZs,com.sec.android.app.shealth,0.0,733377df-159f-4dfd-9fd2-77101407fa80,84903cac-8de4-437d-8df4-9858ec56b07e,1.0,
0.0,2023-09-22 16:10:10.230,2023-09-22 16:10:10.230,0.0,0.0,0.0,xoyixJvqZs,com.sec.android.app.shealth,0.0,3d10f372-708c-4010-b495-9b2ad7725191,f395ae63-17af-413f-abcd-07cff499b18e,1.0,
0.0,2023-09-21 03:10:49.372,2023-09-18 00:22:30.748,0.0,2.0,0.0,xoyixJvqZs,com.sec.android.app.shealth,0.0,6604a9c3-1fe8-43ea-a5b5-539685872070,d0fe09d7-8e76-46c8-9b93-0d279ca80b0f,0.0,
0.0,2023-10-06 16:28:27.936,2023-09-01 16:51:44.015,0.0,0.0,0.0,xoyixJvqZs,com.sec.android.app.shealth,0.0,27d9bcdb-616f-4c1a-9d80-8329a6ac6524,995b3ae2-730a-4e88-8561-2b0da37dc107,2.0,
0.0,2023-09-07 12:33:06.346,2023-09-03 12:20:58.228,0.0,0.0,4.0,xoyixJvqZs,com.sec.android.app.shealth,0.0,e1fc6f4c-7a6b-4ce4-b4e6-7125a8c5a97a,0c4254a3-f822-4bd9-b579-d777a22dba7b,0.0,
0.0,2023-08-26 12:00:35.939,2023-08-26 12:00:35.939,0.0,1.0,0.0,xoyixJvqZs,com.sec.android.app.shealth,0.0,1687192e-bc69-4bde-9932-578a7a2e39c9,5cdf96c2-27fc-4d6a-a8cb-ab69f72a2612,0.0,
0.0,2023-08-22 16:57:10.352,2023-08-21 23:51:44.014,0.0,1.0,0.0,xoyixJvqZs,com.sec.android.app.shealth,0.0,01e77aa2-c81a-4b64-9de3-013dcd11a93b,8f692c19-7726-4e14-9632-e742749c825e,1.0,
0.0,2023-08-23 16:12:15.473,2023-08-23 16:12:15.473,0.0,0.0,0.0,xoyixJvqZs,com.sec.android.app.shealth,0.0,68553648-ee97-4a61-89fe-423aa9906995,5c4e289a-2d9d-4a85-9978-c41d5161add8,1.0,
0.0,2023-09-07 01:54:02.886,2023-09-04 00:38:00.859,0.0,2.0,0.0,xoyixJvqZs,com.sec.android.app.shealth,0.0,a309deb2-fa6c-4397-a1dc-41c8e3f5c277,c979764b-b2b9-4da1-a8f2-b65d00062684,1.0,
0.0,2023-09-19 23:39:56.360,2023-08-15 13:10:17.096,0.0,2.0,0.0,xoyixJvqZs,com.sec.android.app.shealth,0.0,2611a14c-4698-4702-a59b-40752485a4a4,1db2e139-432c-4b2a-83f1-1512d084ceb6,0.0,
0.0,2023-10-01 22:16:30.518,2023-09-16 16:23:14.672,0.0,0.0,0.0,xoyixJvqZs,com.sec.android.app.shealth,0.0,05d5ef71-6245-49d9-be0d-fd00b72121cd,421b3eb7-b9d4-41c3-b6c6-5c4a49c4924f,4.0,
0.0,2023-10-05 16:30:36.233,2023-08-14 20:07:48.065,0.0,1.0,0.0,xoyixJvqZs,com.sec.android.app.shealth,0.0,68655e67-d48f-4356-9055-5bda1f89cc82,ff484df2-ba5f-44e3-bc01-7e4d8fcb1ca4,17.0,
0.0,2023-10-04 23:12:06.063,2023-10-04 23:12:06.063,0.0,1.0,0.0,xoyixJvqZs,com.sec.android.app.shealth,0.0,a5ca043f-1bab-4072-bca4-db3d38eeb902,e12df6fb-e11a-4555-bdd5-8999a2d0e38e,0.0,
0.0,2023-09-17 15:05:39.117,2023-08-27 17:13:32.551,0.0,0.0,2.0,xoyixJvqZs,com.sec.android.app.shealth,0.0,44b003ee-993a-478b-87f7-dca85f3a5bff,560b7608-947b-4ec1-8ebc-444b0d912a25,0.0,
0.0,2023-09-27 01:22:23.243,2023-09-11 12:40:28.796,0.0,2.0,0.0,xoyixJvqZs,com.sec.android.app.shealth,0.0,d5090b68-cebb-4bde-966f-30f57443274e,14f81667-edc1-416d-b9ed-e29df964e127,0.0,
2.0,2023-10-06 12:28:59.506,2023-08-14 20:02:37.806,5.0,2.0,19.0,xoyixJvqZs,com.sec.android.app.shealth,2.0,6e8ed00a-8d8a-485b-bd6a-afbef63c2978,7dc0ec53-2ebe-406f-802f-e49963d6586c,0.0,
0.0,2023-09-27 15:42:48.238,2023-09-27 15:42:48.238,0.0,0.0,0.0,xoyixJvqZs,com.sec.android.app.shealth,0.0,1cac6ac6-1c57-4528-9ff9-1037b652367e,f88ede0a-3874-4ea1-bc77-c3211fb12d32,1.0,
0.0,2023-10-02 16:59:01.753,2023-08-17 01:57:58.649,0.0,1.0,0.0,xoyixJvqZs,com.sec.android.app.shealth,0.0,fe0f5de2-1936-4fad-a999-c03807812e19,b4776dc3-07b2-4a60-93a2-8ee079d4638f,5.0,
1.0,2023-10-06 12:28:59.523,2023-08-21 13:11:28.412,5.0,7.0,15.0,xoyixJvqZs,com.sec.android.app.shealth,1.0,c2b2147c-6be7-43d0-9ac1-ab5556e277f1,e3d69589-8ed2-4d1a-a46f-6dd1aa11075f,0.0,
2.0,2023-10-03 00:53:36.620,2023-09-20 13:25:43.620,0.0,3.0,5.0,xoyixJvqZs,com.sec.android.app.shealth,2.0,9f721285-9fe1-48e2-8bc7-267623575a14,52652f30-665c-4283-a2d2-d3386b6b0f14,0.0,
0.0,2023-09-23 02:03:18.099,2023-09-23 02:03:18.099,0.0,1.0,0.0,xoyixJvqZs,com.sec.android.app.shealth,0.0,f222ed56-6e8d-4cd0-ab4a-4f35e11be92a,4acabaf1-5055-45fd-abef-d014fe5b609b,0.0,
0.0,2023-09-25 16:56:21.913,2023-08-24 16:32:28.437,0.0,3.0,0.0,xoyixJvqZs,com.sec.android.app.shealth,0.0,5076b97a-1ba1-4112-a9fe-bd5ac90bc5dd,ad771140-efa0-4276-bd4a-6838ad97c016,11.0,
0.0,2023-09-24 18:39:26.933,2023-09-24 18:39:26.933,0.0,0.0,0.0,xoyixJvqZs,com.sec.android.app.shealth,0.0,42cf1a5e-8119-4204-9459-a2309af12984,af3f8586-506b-4090-af7a-661faa8d5358,1.0,
0.0,2023-09-02 00:52:30.884,2023-09-02 00:52:30.884,0.0,1.0,0.0,xoyixJvqZs,com.sec.android.app.shealth,0.0,a7614376-a335-409e-a6da-c81c20341ae0,9fa70ccb-1fe1-4e23-8eb2-ee3e45df37a3,0.0,
0.0,2023-09-29 01:14:33.867,2023-09-29 01:14:33.867,0.0,1.0,0.0,xoyixJvqZs,com.sec.android.app.shealth,0.0,038ec33a-f489-48f4-a29b-bce57214a674,611e8993-63d4-4238-b0dd-f07e4208eee2,0.0,
0.0,2023-04-12 14:22:33.119,2023-04-12 14:22:33.119,0.0,0.0,0.0,xoyixJvqZs,com.sec.android.app.shealth,1.0,770540e9-5493-4352-a2ac-ff27d0123d1b,a0e2f415-5274-4360-8fa9-4454c5919f05,0.0,
0.0,2023-09-25 00:09:58.567,2023-09-25 00:09:58.567,0.0,1.0,0.0,xoyixJvqZs,com.sec.android.app.shealth,0.0,ef62a33c-07ff-4a9f-a9a0-63013d64d220,636410fb-a87d-4631-943e-fe7ae8c37a11,0.0,
1.0,2023-09-27 00:11:56.738,2023-09-18 19:38:43.712,0.0,0.0,0.0,xoyixJvqZs,com.sec.android.app.shealth,1.0,a6b4c7a5-1dea-451f-8a55-951929f98a76,746a0a33-d507-4776-a4ea-8272883641a5,0.0,
0.0,2023-10-04 23:12:06.106,2023-08-29 22:25:47.512,0.0,3.0,0.0,xoyixJvqZs,com.sec.android.app.shealth,0.0,023a5997-62e8-4618-971c-e6b1a9dd791d,bb521cf7-763f-42d5-8eec-32770a2238b4,0.0,
0.0,2023-04-12 14:22:33.118,2023-04-12 14:22:33.118,0.0,2.0,0.0,xoyixJvqZs,com.sec.android.app.shealth,0.0,04433958-ab74-4325-8554-2182417cedc7,644660a5-3385-4af9-8b67-5abcc3b30aa1,0.0,
0.0,2023-10-06 16:34:32.787,2023-09-29 01:21:00.492,0.0,2.0,0.0,xoyixJvqZs,com.sec.android.app.shealth,0.0,769c5bbc-1c43-4ade-864e-0ad89c9d56bc,9fc75958-3615-4ca3-8f59-52ae17ab9c50,4.0,
0.0,2023-09-17 20:01:05.612,2023-09-17 20:01:05.612,0.0,0.0,0.0,xoyixJvqZs,com.sec.android.app.shealth,0.0,7b78bf0d-2abf-493d-b1d5-2aa261a0130f,2436952f-a720-41a6-9e32-75b750a2be04,1.0,
0.0,2023-08-23 16:12:15.617,2023-08-23 16:12:15.617,0.0,0.0,0.0,xoyixJvqZs,com.sec.android.app.shealth,0.0,140563a8-7742-4d4e-9567-4cf62beb9683,e1b687e7-66c1-4664-a607-8121677475ec,1.0,
0.0,2023-08-24 15:47:40.989,2023-08-23 16:12:15.583,0.0,0.0,0.0,xoyixJvqZs,com.sec.android.app.shealth,0.0,d5e7e123-82a4-4b51-970c-808ba748913a,94a0680d-99b1-460b-a299-1dcdcd3d0673,2.0,
0.0,2023-09-29 23:47:05.045,2023-09-29 23:47:05.045,0.0,1.0,0.0,xoyixJvqZs,com.sec.android.app.shealth,0.0,af37e689-72ef-47b5-b7c8-1b394049dc58,9b255f7d-0146-44f0-b87e-8a87ca2d47cb,0.0,
0.0,2023-04-12 14:22:33.118,2023-04-12 14:22:33.118,0.0,1.0,0.0,xoyixJvqZs,com.sec.android.app.shealth,0.0,50b13fb8-62ce-4c9c-8815-2f14ce6329fa,8bd19c88-267f-475d-b3ce-10ea3fbad026,1.0,
0.0,2023-08-29 22:25:47.531,2023-08-29 22:25:47.531,0.0,1.0,0.0,xoyixJvqZs,com.sec.android.app.shealth,0.0,9309fa11-3987-436b-98ff-b1ec6cd507c4,79d777c1-7727-4b20-b669-5298c3f289cc,0.0,
0.0,2023-09-30 15:07:42.048,2023-09-06 20:02:02.133,0.0,0.0,0.0,xoyixJvqZs,com.sec.android.app.shealth,0.0,8913d5d8-c7cb-45ea-80e8-2ab1518c7736,05020749-d013-4c00-82ae-85f2ed09d9a8,2.0,
0.0,2023-10-04 17:06:18.582,2023-08-14 20:07:48.027,0.0,2.0,0.0,xoyixJvqZs,com.sec.android.app.shealth,0.0,ca0edde2-ab73-4897-9187-812d7de3b336,4f4b97af-2647-4dbe-8641-0b784f68f00b,4.0,
0.0,2023-04-12 14:22:33.122,2023-04-12 14:22:33.122,0.0,0.0,0.0,xoyixJvqZs,com.sec.android.app.shealth,1.0,081474df-6903-4230-a964-54e30d651dde,289f716c-0f46-48fa-a09c-ccabc6999c72,0.0,
0.0,2023-09-17 14:33:45.737,2023-09-17 14:33:45.737,0.0,1.0,0.0,xoyixJvqZs,com.sec.android.app.shealth,0.0,8f81c59f-ce54-48b7-81ed-759473055897,8244539c-b6a9-45d6-9c4c-ca95364a59ef,0.0,
0.0,2023-09-23 16:43:59.271,2023-09-23 16:43:59.271,0.0,0.0,0.0,xoyixJvqZs,com.sec.android.app.shealth,0.0,82b57db6-b5ac-4af8-9ce6-ef66c56efb32,990d9d3e-1cb5-4778-b9c6-109b2d5ec5c7,1.0,
0.0,2023-09-02 00:52:30.934,2023-09-02 00:52:30.934,0.0,1.0,0.0,xoyixJvqZs,com.sec.android.app.shealth,0.0,9aec694a-7ea4-4f7f-aa77-ba9fd4ef8816,e4bf3aa4-5fa6-4cb4-a2ec-89ae2208b6c6,0.0,
0.0,2023-09-25 00:09:58.590,2023-08-17 01:54:36.248,0.0,2.0,2.0,xoyixJvqZs,com.sec.android.app.shealth,1.0,1581d0a5-a0a4-41f6-8a0e-1a00e136cdee,5ce60a88-4fa6-4b8c-a0bf-c9b3e791fc3d,0.0,
0.0,2023-09-16 16:22:56.179,2023-09-16 16:22:56.179,0.0,0.0,0.0,xoyixJvqZs,com.sec.android.app.shealth,0.0,ea152d29-fa44-400a-af34-3b484eb041e6,062fa987-c7b5-4bc1-9791-3b508d1580f3,1.0,
0.0,2023-08-23 16:12:15.605,2023-04-12 14:22:33.137,0.0,0.0,0.0,xoyixJvqZs,com.sec.android.app.shealth,2.0,6956d47d-ac9c-4116-9866-e08cb65daea9,f546ad13-e0bc-41bd-bd1c-24a988c32e47,10.0,
0.0,2023-08-26 22:50:29.990,2023-08-22 02:36:14.366,2.0,0.0,0.0,xoyixJvqZs,com.sec.android.app.shealth,1.0,0fde7763-fb23-4a3c-bc55-007facda87c6,1750f8b0-a419-4084-a666-59f2adfcd311,0.0,
0.0,2023-08-31 23:06:01.437,2023-08-28 16:39:37.523,0.0,1.0,0.0,xoyixJvqZs,com.sec.android.app.shealth,0.0,7474d092-0e66-4225-9854-70b8aa725f7b,1a69d7e3-f813-49a0-9d6e-42c6dca14a65,1.0,
0.0,2023-09-07 19:05:06.550,2023-09-06 20:02:02.024,0.0,0.0,0.0,xoyixJvqZs,com.sec.android.app.shealth,0.0,98f71a3e-ea64-4262-9875-32b55f8dcb1f,64e6671d-07f5-44d9-b231-01ad9d7acede,2.0,
0.0,2023-09-16 03:23:13.964,2023-04-12 14:22:33.136,0.0,3.0,2.0,xoyixJvqZs,com.sec.android.app.shealth,0.0,93d64589-ed8a-45f6-9a3d-d82ba29413d0,7201af0c-151a-47d5-9706-55698e88a6a6,0.0,
0.0,2023-10-01 23:25:02.526,2023-10-01 23:25:02.526,0.0,1.0,0.0,xoyixJvqZs,com.sec.android.app.shealth,0.0,f336c9bf-dd2a-40ff-8053-4b928b0f1282,6cce4220-3a56-44e9-a4c0-15141e5d82d2,0.0,
0.0,2023-09-15 17:28:57.580,2023-08-14 20:07:48.041,0.0,0.0,0.0,xoyixJvqZs,com.sec.android.app.shealth,0.0,ff0f6657-f80d-4501-9ea3-0f650a981195,2ef4e923-84c2-4f5f-8507-bbd4263790a1,3.0,
0.0,2023-04-12 14:22:33.119,2023-04-12 14:22:33.119,0.0,0.0,0.0,xoyixJvqZs,com.sec.android.app.shealth,1.0,0ac0b9a1-b892-4140-9401-d2aef199a3c2,7ea126d0-84a6-49e0-bb91-d8bd139977f9,0.0,
0.0,2023-10-06 00:45:58.638,2023-10-06 00:45:58.638,0.0,1.0,0.0,xoyixJvqZs,com.sec.android.app.shealth,0.0,de6d0364-457b-4e8a-b70a-06973e5dcd38,6019e42c-af21-4718-b57c-884743860473,0.0,
0.0,2023-09-14 23:46:46.271,2023-09-14 23:46:46.271,0.0,1.0,0.0,xoyixJvqZs,com.sec.android.app.shealth,0.0,ca52fe0f-4460-4391-b96e-3bedc7e44f39,0c583057-f177-4d6f-87ec-28492682191a,0.0,
0.0,2023-09-04 00:34:14.704,2023-08-15 15:49:14.604,0.0,0.0,0.0,xoyixJvqZs,com.sec.android.app.shealth,0.0,51b74e4f-fbb5-4ee3-a4d4-2ed9824f8fc0,8f7efa72-20c3-4933-818a-4b3be817b331,2.0,
0.0,2023-10-06 00:45:58.620,2023-04-12 14:22:33.109,0.0,2.0,0.0,xoyixJvqZs,com.sec.android.app.shealth,0.0,7489caf1-77dc-4a6d-87db-7a34fc06641f,d7dda900-ae34-4679-b213-baa99fbd8462,3.0,
0.0,2023-09-04 16:28:22.846,2023-09-04 16:28:22.846,0.0,0.0,0.0,xoyixJvqZs,com.sec.android.app.shealth,0.0,115353a6-061e-49ec-997e-7a7f44a865db,0b9e721a-af56-46da-96e4-508ddb92f3f1,1.0,
0.0,2023-08-22 16:57:10.368,2023-08-21 23:51:44.031,0.0,1.0,0.0,xoyixJvqZs,com.sec.android.app.shealth,0.0,b9e5ec91-fc18-4ab5-aab5-4e21dbac05d8,5f5c34c6-28b5-4fe0-9187-12d45b36e714,1.0,
0.0,2023-09-08 16:52:45.783,2023-04-12 14:22:33.118,0.0,0.0,0.0,xoyixJvqZs,com.sec.android.app.shealth,0.0,250f9eea-e022-441a-b86c-e101a91e7427,ee8ddb4f-28de-4367-b26d-0e9c6b654e32,2.0,
0.0,2023-09-07 01:54:02.955,2023-09-07 01:54:02.955,0.0,1.0,0.0,xoyixJvqZs,com.sec.android.app.shealth,0.0,054d5ecf-6f53-4977-993e-e6f5ecd72da0,4dafe539-713d-4dd4-a4c2-40f77c6d33fe,0.0,
0.0,2023-08-23 16:13:51.371,2023-04-12 14:22:33.108,0.0,0.0,0.0,xoyixJvqZs,com.sec.android.app.shealth,0.0,90cb143e-61eb-4d70-9e75-cd6a97a31d82,32b1f0e1-b27c-4bc7-8261-a2a08dd55493,3.0,
0.0,2023-09-04 00:34:14.653,2023-09-04 00:34:14.653,0.0,0.0,0.0,xoyixJvqZs,com.sec.android.app.shealth,0.0,bd7cb5cb-0eb4-4bbd-aa70-2abcb440dfff,26bbe102-7c4e-45e2-a285-3389c8e70c84,1.0,
0.0,2023-10-06 16:28:27.975,2023-04-12 14:22:33.118,0.0,13.0,0.0,xoyixJvqZs,com.sec.android.app.shealth,0.0,83780c95-32b7-49b1-8d82-192a21264ca1,ec476570-acd4-4e35-a7b4-eed61b3d154a,21.0,
0.0,2023-09-14 22:10:05.002,2023-09-14 22:10:05.002,0.0,0.0,0.0,xoyixJvqZs,com.sec.android.app.shealth,1.0,2479a5d3-eecc-42e2-b67a-de5c62be4f7f,1c35651c-d2d4-41fc-a1d8-6a8963c2515a,0.0,
0.0,2023-04-12 14:22:33.108,2023-04-12 14:22:33.108,0.0,0.0,0.0,xoyixJvqZs,com.sec.android.app.shealth,0.0,c5c7c21d-8187-42c2-9605-7e23800d77ea,0a041508-2c3d-48dc-b07d-ac5ad3aeba0b,1.0,
0.0,2023-09-29 23:47:05.015,2023-08-31 23:02:46.185,0.0,2.0,0.0,xoyixJvqZs,com.sec.android.app.shealth,0.0,26e35713-9dfa-4371-b7c6-04413377d14a,22b870a6-5d7a-449b-8cfa-202eb38b181e,0.0,
0.0,2023-04-12 14:22:33.118,2023-04-12 14:22:33.118,0.0,0.0,0.0,xoyixJvqZs,com.sec.android.app.shealth,1.0,85df76bd-5875-4f55-8e23-6ede5cde4738,fdcbcd1d-7013-4b2b-bf2d-dc48476b7eb2,0.0,
0.0,2023-08-17 01:54:36.257,2023-08-17 01:54:36.257,0.0,0.0,1.0,xoyixJvqZs,com.sec.android.app.shealth,0.0,10c264bd-37d4-423f-825e-36dfaf44d6b8,dc81ede1-2cf8-49e5-8505-b7f7d113b9f6,0.0,
0.0,2023-04-12 14:22:33.137,2023-04-12 14:22:33.137,0.0,1.0,0.0,xoyixJvqZs,com.sec.android.app.shealth,0.0,fae34cf2-5a6e-4c46-93d0-46bd35240b2a,295fbddc-2fec-4c51-80bc-3db068bb2d77,0.0,
1.0,2023-08-28 01:27:54.600,2023-08-23 14:31:49.901,1.0,0.0,0.0,xoyixJvqZs,com.sec.android.app.shealth,0.0,51450271-eef0-4468-a310-bac2ab0060ec,b7b4d6ad-881b-4669-aef2-b2b794daa355,0.0,
0.0,2023-04-12 14:22:33.117,2023-04-12 14:22:33.117,0.0,0.0,0.0,xoyixJvqZs,com.sec.android.app.shealth,0.0,4ac40189-45b7-4157-8d78-331e81f17dc3,ba05bc97-1238-498a-a8cf-87c84242f3eb,1.0,
0.0,2023-10-01 22:16:30.492,2023-10-01 22:16:30.492,0.0,0.0,0.0,xoyixJvqZs,com.sec.android.app.shealth,0.0,c3c866be-faf1-4ae4-bcac-fca918285a71,cda0d860-db2d-4f91-b2c2-c16879b964e9,1.0,
0.0,2023-08-27 17:16:31.612,2023-04-12 14:22:33.118,0.0,0.0,0.0,xoyixJvqZs,com.sec.android.app.shealth,0.0,9f7835b3-8f55-45cc-8b4f-19c97d1ed614,50f8a2a4-cf83-46c9-97e6-f39aa6786cd7,2.0,
0.0,2023-10-01 22:16:30.468,2023-10-01 22:16:30.468,0.0,0.0,0.0,xoyixJvqZs,com.sec.android.app.shealth,0.0,6d123c2d-dcde-4a84-a801-f68b209ddda1,245a9745-8d68-4e80-98d8-e7e324000ebf,1.0,
0.0,2023-04-12 14:22:33.119,2023-04-12 14:22:33.119,0.0,1.0,0.0,xoyixJvqZs,com.sec.android.app.shealth,0.0,39d6df17-3038-4264-ac68-949a2ebc82dc,90421f0d-17dc-488d-9bb5-f4064613ec0a,0.0,
0.0,2023-09-07 01:54:02.932,2023-09-07 01:54:02.932,0.0,1.0,0.0,xoyixJvqZs,com.sec.android.app.shealth,0.0,70d47a3f-8b99-4730-8665-101b27378a58,2c002085-1d62-491f-9653-60fd59e97fec,0.0,
0.0,2023-04-12 14:22:33.119,2023-04-12 14:22:33.119,0.0,1.0,0.0,xoyixJvqZs,com.sec.android.app.shealth,0.0,4a4407d6-acdc-48af-b1d7-c6772fbd80da,aa009a39-4d87-4496-ab48-284d0dd754d2,1.0,
0.0,2023-08-21 19:02:57.345,2023-08-14 20:10:02.930,0.0,0.0,0.0,xoyixJvqZs,com.sec.android.app.shealth,2.0,ce709e31-8e20-4a0e-84ad-7faadd76400b,337c6a6c-5925-4934-9f74-02013a26796a,0.0,
0.0,2023-04-12 14:22:33.119,2023-04-12 14:22:33.119,2.0,0.0,0.0,xoyixJvqZs,com.sec.android.app.shealth,0.0,839d00bc-ec79-4cb2-8bf3-6d6d44df4aec,387f87bd-269b-460b-aa1f-e13236d3b506,0.0,
0.0,2023-09-19 23:39:56.264,2023-09-19 23:39:56.264,0.0,1.0,0.0,xoyixJvqZs,com.sec.android.app.shealth,0.0,a30ba76d-79e7-4cbc-8811-3c4c3bc6cceb,1a032f68-1c58-4a06-a336-8a39d8e6eda9,0.0,
0.0,2023-04-12 14:22:33.137,2023-04-12 14:22:33.137,0.0,1.0,0.0,xoyixJvqZs,com.sec.android.app.shealth,0.0,957a3e93-e6a9-49be-902c-9881a9a01878,b3c38630-9f85-4a53-9e58-e446cd664686,0.0,
0.0,2023-09-05 12:55:33.710,2023-09-05 12:55:33.710,0.0,0.0,1.0,xoyixJvqZs,com.sec.android.app.shealth,0.0,5498b479-792a-4b77-8400-e965281bcea3,4d8b3ce2-eadc-4d14-b6db-c2902b118fa2,0.0,
0.0,2023-04-12 14:22:33.117,2023-04-12 14:22:33.117,0.0,163.0,159.0,xoyixJvqZs,com.sec.android.app.shealth,0.0,0b39f8b4-5efa-43b0-a60d-d864943d951c,meal_auto_filled,159.0,
0.0,2023-09-04 00:38:00.879,2023-08-15 15:56:49.871,0.0,1.0,0.0,xoyixJvqZs,com.sec.android.app.shealth,0.0,34159c8b-2af8-4fbd-86fe-9daa63f411e1,5bcfa51a-63d9-4660-93c7-2178c78e6072,1.0,
0.0,2023-04-12 14:22:33.118,2023-04-12 14:22:33.118,0.0,0.0,0.0,xoyixJvqZs,com.sec.android.app.shealth,0.0,45191df2-2504-4031-969c-6572b3a7ae99,fac933d2-0e40-4a85-a75f-9f930a7a82d6,1.0,
0.0,2023-08-23 16:12:15.495,2023-08-23 16:12:15.495,0.0,0.0,0.0,xoyixJvqZs,com.sec.android.app.shealth,0.0,c1ce58d1-94f1-4c3d-a8ca-0d4526c5eea6,dad9a8bd-5958-4429-894a-ddbc2baa165a,1.0,
0.0,2023-08-22 22:39:56.634,2023-04-12 14:22:33.109,0.0,1.0,0.0,xoyixJvqZs,com.sec.android.app.shealth,0.0,eeef4c4b-144c-42f2-90ae-a40969578c7b,532bf7ee-ccc3-4524-9045-f6777a53deaa,1.0,
0.0,2023-09-02 00:52:30.925,2023-08-31 23:02:46.226,0.0,2.0,0.0,xoyixJvqZs,com.sec.android.app.shealth,0.0,eba24295-5ad3-4034-a0a4-e86685eed3ee,4dec5259-4dde-49a0-bec8-a9eb4cd7080a,0.0,
0.0,2023-04-12 14:22:33.117,2023-04-12 14:22:33.117,0.0,0.0,0.0,xoyixJvqZs,com.sec.android.app.shealth,0.0,c2dac91f-3735-4145-8af8-e04b7808c450,e87a1dde-887d-479e-9abb-0641c3563551,1.0,
0.0,2023-08-23 16:12:15.544,2023-08-23 16:12:15.544,0.0,0.0,0.0,xoyixJvqZs,com.sec.android.app.shealth,0.0,037d29e7-d5fe-4966-9ef3-8eaa8407c4e5,57e4dc2f-65ef-4183-81e6-891a9a3aa66d,1.0,
0.0,2023-04-12 14:22:33.118,2023-04-12 14:22:33.118,0.0,0.0,0.0,xoyixJvqZs,com.sec.android.app.shealth,1.0,62a716d6-1486-4704-bce4-646a383060e1,0fa35cde-73fb-4648-b8e5-8c60c9c41d30,0.0,
0.0,2023-09-07 23:14:05.808,2023-09-07 23:14:05.808,0.0,1.0,0.0,xoyixJvqZs,com.sec.android.app.shealth,0.0,885fc722-75e1-4f0a-8932-6e4fd98d55e9,23a92568-e8d9-4bbf-9560-bc99156d344f,0.0,
0.0,2023-09-29 23:47:04.997,2023-04-12 14:22:33.117,0.0,4.0,0.0,xoyixJvqZs,com.sec.android.app.shealth,0.0,5363f040-c61d-4d72-8de9-d56ea65f3fb9,3d88e3ef-9a92-444c-9045-76a1fb991c93,0.0,
4.0,2023-10-05 12:21:06.393,2023-08-15 13:20:36.233,4.0,0.0,8.0,xoyixJvqZs,com.sec.android.app.shealth,2.0,da46a5b9-a47b-430c-bf46-9a8be460a01d,ea5a92f5-ffc0-46ad-8188-0304873898ba,0.0,
0.0,2023-09-06 12:52:54.710,2023-04-12 14:22:33.118,0.0,1.0,1.0,xoyixJvqZs,com.sec.android.app.shealth,0.0,6a751112-8e81-47f6-97e3-714176b68c99,5fd8b90d-2e93-4e4c-9a76-a9058be3843d,0.0,
0.0,2023-04-12 14:22:33.118,2023-04-12 14:22:33.118,0.0,0.0,0.0,xoyixJvqZs,com.sec.android.app.shealth,0.0,1fabb0a6-fc8e-4601-9b0b-72265b6f71cc,6a5c2ebc-c523-4b09-a746-4e93acb546e9,2.0,
0.0,2023-09-07 01:54:02.905,2023-09-07 01:54:02.905,0.0,1.0,0.0,xoyixJvqZs,com.sec.android.app.shealth,0.0,59b947ff-f5ff-4930-8ac1-e6c6d2c8f916,bb5a8e90-82e3-4183-b9cb-a277c6b9cb40,0.0,
0.0,2023-09-05 11:55:18.893,2023-09-05 11:55:18.893,0.0,1.0,0.0,xoyixJvqZs,com.sec.android.app.shealth,0.0,d38eca82-f0fb-43d0-866f-e3dbf052a43f,bbd557fb-56b6-47a7-995b-4de20c21ab2a,0.0,
0.0,2023-08-29 22:25:47.428,2023-08-29 22:25:47.428,0.0,1.0,0.0,xoyixJvqZs,com.sec.android.app.shealth,0.0,3d36f562-b7c9-4735-9569-84c1a68a3efc,2960e817-2342-4bc3-9309-cde9972e56c7,0.0,
0.0,2023-09-04 13:51:59.910,2023-09-03 12:20:58.247,0.0,0.0,2.0,xoyixJvqZs,com.sec.android.app.shealth,0.0,b715e7e6-b948-4b8f-b8b7-e33b09a9cc08,09c8e3b7-da51-492c-ae3c-6f111a4000c6,0.0,
0.0,2023-09-22 16:14:06.014,2023-08-21 16:34:41.738,0.0,1.0,0.0,xoyixJvqZs,com.sec.android.app.shealth,0.0,505a9222-8cdd-4dde-879a-983a4beb24c9,3f8266ce-f454-4d67-9724-c619233e06e0,5.0,
0.0,2023-09-19 23:39:56.245,2023-09-19 23:39:56.245,0.0,1.0,0.0,xoyixJvqZs,com.sec.android.app.shealth,0.0,36477dcf-2bc8-401d-a9df-39cb4e2c0554,255b6140-a411-444a-b04d-ceeb2cd5ee33,0.0,
0.0,2023-08-21 16:34:41.774,2023-08-21 16:34:41.774,0.0,0.0,0.0,xoyixJvqZs,com.sec.android.app.shealth,0.0,933e2a41-cef4-4a1b-9ab2-72ee0502fbec,9375097b-e2c8-42fb-9654-127d9ca96480,1.0,
0.0,2023-09-20 15:49:12.122,2023-09-20 15:49:12.122,0.0,0.0,0.0,xoyixJvqZs,com.sec.android.app.shealth,0.0,36e0bee1-e02e-4553-92a7-d97b4aa18991,ba2e04cf-d128-466e-8c2f-bdff76b13776,1.0,
0.0,2023-08-27 23:57:01.114,2023-08-27 23:57:01.114,0.0,1.0,0.0,xoyixJvqZs,com.sec.android.app.shealth,0.0,161bd05e-f720-4a50-bc6e-03de01985be3,aee70dca-7a54-4267-a48e-64469566c33d,0.0,
0.0,2023-09-28 15:58:50.243,2023-09-28 15:58:50.243,0.0,0.0,0.0,xoyixJvqZs,com.sec.android.app.shealth,0.0,1e899ab0-cdaf-4f7c-8dd9-0091d808b196,589ccd4a-ef56-4678-8dc0-a738a1c84619,1.0,
0.0,2023-09-04 16:28:22.812,2023-08-25 22:04:40.902,0.0,0.0,0.0,xoyixJvqZs,com.sec.android.app.shealth,1.0,285f26d0-9b72-4116-88f1-ac3d6220a120,03cad150-45f5-4a2a-b27e-0b4ac77f030b,1.0,
1.0,2023-10-06 18:47:09.404,2023-08-14 20:10:02.915,0.0,0.0,1.0,xoyixJvqZs,com.sec.android.app.shealth,28.0,0b9ccdba-e904-48ae-95fd-cc349e6d37f3,6a0d69c0-88ba-46f9-8834-5b30c21d1b06,0.0,
0.0,2023-08-23 23:49:34.244,2023-08-23 23:49:34.244,0.0,1.0,0.0,xoyixJvqZs,com.sec.android.app.shealth,0.0,2258ffa3-7b51-4dff-a549-09acaeaf1573,99c0d294-ef11-472b-8c8e-d392e60c4cd2,0.0,
0.0,2023-09-04 13:51:59.948,2023-09-04 13:51:59.948,0.0,0.0,1.0,xoyixJvqZs,com.sec.android.app.shealth,0.0,886aab78-55a5-4219-906f-3e9bd50c912e,9ff35839-4634-420f-bb3a-1504773159eb,0.0,
0.0,2023-09-17 15:05:39.091,2023-09-17 15:05:39.091,0.0,0.0,1.0,xoyixJvqZs,com.sec.android.app.shealth,0.0,ca017d4e-4b9b-4217-bfea-9ac6c863db90,9174e286-3f58-4089-981e-fc4d9aca6a5e,0.0,
0.0,2023-09-16 03:23:14.014,2023-08-27 23:57:01.082,0.0,3.0,0.0,xoyixJvqZs,com.sec.android.app.shealth,0.0,0e6bc812-a14f-4b99-af36-d5f79427852e,a67f7ca1-611d-4d86-994b-8cd014b2d0a1,0.0,
0.0,2023-10-01 22:16:30.507,2023-09-09 15:58:57.568,0.0,0.0,0.0,xoyixJvqZs,com.sec.android.app.shealth,0.0,2e1fe772-5ec2-4ba0-8056-9f1741463be4,17cd8840-ecf7-40af-a3c9-2fd9a1e98d80,2.0,
0.0,2023-09-16 03:23:14.055,2023-09-16 03:23:14.055,0.0,1.0,0.0,xoyixJvqZs,com.sec.android.app.shealth,0.0,47612294-a8ee-45e0-96a7-4cddc780ab2b,6ba0773f-5109-4a0e-9c39-77350f93d55c,0.0,
0.0,2023-09-15 17:28:57.605,2023-09-15 17:28:57.605,0.0,0.0,0.0,xoyixJvqZs,com.sec.android.app.shealth,0.0,4ea47975-eeac-4f94-a573-1389f5066ef8,0083d6ff-5d3d-4a29-8644-ef1e1c29b791,1.0,
0.0,2023-09-28 00:52:02.340,2023-08-29 22:25:47.550,0.0,3.0,0.0,xoyixJvqZs,com.sec.android.app.shealth,0.0,3d6e65fc-625e-4b51-95b7-c466f0e12855,0137b0ff-697f-46b0-9a27-55f40cbf1009,0.0,
0.0,2023-09-14 20:01:03.138,2023-09-14 20:01:03.138,0.0,0.0,0.0,xoyixJvqZs,com.sec.android.app.shealth,0.0,263919ef-a0b5-4eff-842f-7a42c30d16d6,b3351e0c-77fe-449b-b255-443e9521da7b,1.0,
0.0,2023-09-12 16:11:25.199,2023-08-31 16:10:48.064,0.0,0.0,0.0,xoyixJvqZs,com.sec.android.app.shealth,0.0,72cfe124-7158-4bdf-8e39-c7f8dbe50211,374ba80e-2f89-4d39-a3ad-d15bb2b53f46,2.0,
0.0,2023-09-05 22:41:49.060,2023-08-26 16:01:09.201,0.0,0.0,0.0,xoyixJvqZs,com.sec.android.app.shealth,0.0,8681541b-391c-4d01-a01b-382da8696e0f,9374aa29-4146-4743-8fb1-df6b630e87f4,2.0,
0.0,2023-09-25 16:27:47.980,2023-09-25 16:27:47.980,0.0,0.0,0.0,xoyixJvqZs,com.sec.android.app.shealth,0.0,ade7fbf1-bcfa-40bd-9174-158dd78e1d34,deda12ba-077a-4d67-91b9-61afc48af3e4,1.0,
0.0,2023-09-19 00:29:00.350,2023-08-14 20:02:37.820,3.0,2.0,11.0,xoyixJvqZs,com.sec.android.app.shealth,0.0,3a41c6b9-d2f4-4f06-9b78-b2e39a241eae,fa9caefe-851d-4ace-b3f1-f7ae7e40704a,0.0,
0.0,2023-08-27 23:57:01.039,2023-08-27 23:57:01.039,0.0,1.0,0.0,xoyixJvqZs,com.sec.android.app.shealth,0.0,bb626017-d45e-4196-b0a3-94674fa17876,2accf571-cdbe-420f-8d85-7955a7a64084,0.0,
0.0,2023-09-16 03:23:14.125,2023-09-16 03:23:14.125,0.0,1.0,0.0,xoyixJvqZs,com.sec.android.app.shealth,0.0,448be6c6-afad-4776-8821-86ec2c47fbd5,5e46a43a-3526-4416-b4d5-22d3e9462332,0.0,
1.0,2023-10-05 16:30:36.319,2023-09-23 16:43:59.289,0.0,0.0,0.0,xoyixJvqZs,com.sec.android.app.shealth,0.0,8f59aeee-84f9-402d-a787-329660046963,ea7fc219-c6d3-43c1-8a4c-4a1cba910f42,2.0,
0.0,2023-08-15 13:10:17.078,2023-08-15 13:10:17.078,0.0,1.0,0.0,xoyixJvqZs,com.sec.android.app.shealth,0.0,a460a3c8-2a78-4c86-b74a-8633693aee1d,94b7f8e3-4425-476f-9439-51c54ab8d3f5,0.0,
0.0,2023-09-15 13:23:49.095,2023-09-03 12:22:15.167,0.0,0.0,6.0,xoyixJvqZs,com.sec.android.app.shealth,0.0,a9de209a-94ab-4599-9d45-9d9f07ee13e4,1ac6169b-2b84-42b2-8d1e-f5d3b0a5bfb6,0.0,
0.0,2023-09-04 16:30:44.143,2023-08-22 22:39:56.583,0.0,3.0,0.0,xoyixJvqZs,com.sec.android.app.shealth,0.0,3ef4c282-7e98-47ad-bc98-743d6bbe30cf,212f516c-9368-4bec-96ee-c57bf35c546e,2.0,
0.0,2023-08-17 02:01:56.122,2023-08-17 02:01:56.122,0.0,1.0,0.0,xoyixJvqZs,com.sec.android.app.shealth,0.0,4be91470-a77d-4f7d-8ce2-22d2f35e9477,fbe90cb4-d73c-44bc-8fb6-b13e3d8b9eea,0.0,
0.0,2023-09-02 20:57:18.497,2023-09-02 20:57:18.497,0.0,0.0,0.0,xoyixJvqZs,com.sec.android.app.shealth,1.0,1400e623-6c50-4518-8a72-0203c8aff43a,a5732cd3-9277-4a42-b574-19b1dec73c3c,0.0,
0.0,2023-09-22 12:38:09.867,2023-08-21 13:11:28.294,0.0,0.0,4.0,xoyixJvqZs,com.sec.android.app.shealth,0.0,09b0bb78-a2ed-44c0-914e-560fa7f69ce9,42437ac0-e985-40dc-9204-dd2f6aafd5dd,0.0,
0.0,2023-09-20 13:25:43.647,2023-08-21 23:51:44.038,0.0,1.0,1.0,xoyixJvqZs,com.sec.android.app.shealth,0.0,963a1756-9500-4c60-8010-6e0aa8a24290,56bcf47e-84bc-4d48-8192-5156372e60a2,3.0,
0.0,2023-09-01 15:05:28.777,2023-08-25 13:55:22.884,2.0,0.0,0.0,xoyixJvqZs,com.sec.android.app.shealth,0.0,e4b0c933-3e93-4c88-865f-09e45269cc95,2045323d-0191-404a-9c25-e55860f7cad4,0.0,
0.0,2023-09-02 00:52:30.895,2023-09-02 00:52:30.895,0.0,1.0,0.0,xoyixJvqZs,com.sec.android.app.shealth,0.0,09af24cb-a2af-4f21-8faf-ce1cec393475,9ef97b36-f6a4-4e31-9078-9ee484230285,0.0,
0.0,2023-09-27 01:22:23.261,2023-08-29 22:25:47.458,0.0,2.0,0.0,xoyixJvqZs,com.sec.android.app.shealth,0.0,fee96ed4-b632-4be7-b8d3-1abf35b5b941,c178d048-39a9-4e4f-9dfe-aa3ced386111,0.0,
0.0,2023-09-02 10:16:08.322,2023-09-02 10:16:08.322,0.0,0.0,1.0,xoyixJvqZs,com.sec.android.app.shealth,0.0,7feb85ae-12a0-45af-9bd9-c83699ba01e0,d1d77549-bfec-4811-afa0-3c556b2f9d77,0.0,
0.0,2023-09-04 00:38:00.912,2023-09-04 00:34:14.750,0.0,1.0,0.0,xoyixJvqZs,com.sec.android.app.shealth,0.0,e4c314c2-c768-44a3-8822-45daabb38a36,5f0e08ee-1250-404c-96a2-11b140266e78,1.0,
0.0,2023-09-05 23:06:52.346,2023-09-05 23:06:52.346,0.0,0.0,0.0,xoyixJvqZs,com.sec.android.app.shealth,1.0,8c054a8a-95d0-4ffa-9a6d-a964b9de8f57,43d316df-efad-4d1f-b9c0-f8fff7ff9a82,0.0,
0.0,2023-09-05 23:20:21.080,2023-09-05 23:20:21.080,0.0,1.0,0.0,xoyixJvqZs,com.sec.android.app.shealth,0.0,dac43a6c-3062-4c9d-a39c-c741d8d4423a,2df4100b-13ac-4c58-87f5-ee3c0201fb81,0.0,
0.0,2023-08-27 23:57:01.173,2023-08-27 23:57:01.173,0.0,1.0,0.0,xoyixJvqZs,com.sec.android.app.shealth,0.0,b8f6bf15-856f-4255-abef-3565035f3b9d,c320fc82-ba78-4187-9b2d-d7c62309d7bc,0.0,
